종목코드,현재가,시총(억),네이버업종,배당수익률(사이트),52주고가,52주저가,추정PER(사이트),목표주가,외인비율,기업,순이익(E),당기순이익(E),영업이익(E),fPOR,fPER,fPER(사이트),PEG(매출)1y,PEG(영익)1y,PEG(매출)2y,PEG(영익)2y,PEG(매출)3y,PEG(영익)3y,영업이익률(E),ROE(E),부채비율,매출증가율1y,영익증가율1y,배당수익률,괴리율(목표주가),추정연도,전년영업이익률,전년도,비고,보유ETF수,보유ETF,최대비중,섹터1,섹터2,종목명,유효PEG,Type,탈락조건,플래그,기준일
214450,339000.0,34130.0,281,1.13,634000.0,254500.0,17.13,518750.0,11.91,파마리서치,2235.0,2235.0,2717.0,12.561648877438351,15.27069351230425,17.57,0.5077292579447471,0.5713851115249619,0.37102119673496137,0.3263882844095778,0.3937934368123964,0.3525381425755033,38.94782110091743,28.59,44.21,30.076449748275213,26.725746268656714,1.13,53.02359882005901,2026.12(E),39.97762446391945,2025.12,순이익=당기순이익 대체;,5,"K바이오,K이노베이션,K컬처,코리아밸류업,코스닥",9.01,바이오·헬스케어,미용의료·의료기기,파마리서치,0.5713851115249619,통과,,,2026-09-16
009150,1330000.0,1029279.0,282,0.17,2417000.0,188600.0,69.37,2350500.0,37.58,삼성전기,16054.0,16054.0,19468.0,52.87029997945346,64.11355425439143,66.3,2.396711962240434,0.5665690285489666,3.5556080729647594,1.021754343785326,3.712312718327118,1.4780164570470282,13.574875184782305,14.96,48.98,26.750629722921904,113.1610642724187,0.17,76.72932330827066,2026.12(E),8.071943081886076,2025.12,순이익=당기순이익 대체;,5,"Korea플러스배당,K신재생에너지,K이노베이션,코리아밸류업,코스피",4.02,반도체,전자부품,삼성전기,0.5665690285489666,탈락,"PEG매출>1,fPER>30",,2026-09-16
005930,250500.0,14805701.0,278,0.66,380000.0,77100.0,5.26,487045.0,46.56,삼성전자,3255167.0,3255167.0,3908322.0,3.7882500469510956,4.548369100571492,5.16,0.037432123128122025,0.005711294178169169,0.08019047641171206,0.018520920059716065,0.10869763757985443,0.0156609107084167,52.88879909419831,56.36,29.94,121.50978145170694,796.381513310444,0.66,94.42914171656686,2026.12(E),13.069642952957366,2025.12,순이익=당기순이익 대체;,4,"Korea플러스배당,K신재생에너지,코리아밸류업,코스피",26.14,반도체,메모리,삼성전자,0.018520920059716065,통과,,기저효과,2026-09-16
000660,1712000.0,12849361.0,278,0.17,3002000.0,333000.0,5.04,3305652.0,50.2,SK하이닉스,2526171.0,2526171.0,2649257.0,4.850175351051257,5.086496915687814,4.84,0.020023340199872168,0.01102863131861624,0.039755833693461584,0.02155357444833053,0.04276092299187648,,77.02965368512902,101.97,45.95,254.02839211213558,461.20835566439223,0.17,93.08714953271028,2026.12(E),48.59279831430198,2025.12,순이익=당기순이익 대체;,4,"Korea플러스배당,K신재생에너지,코리아밸류업,코스피",23.54,반도체,메모리,SK하이닉스,0.02155357444833053,통과,,기저효과,2026-09-16
006400,551000.0,436774.0,283,,820000.0,200500.0,55.87,704842.0,25.77,삼성SDI,9919.0,9919.0,3895.0,112.13709884467266,44.03407601572739,56.39,2.1987537215471047,,,12.42823086990448,,,2.4460549122057826,3.56,79.27,20.026834103431913,,,27.92050816696914,2026.12(E),-12.982881952557909,2025.12,순이익=당기순이익 대체;기저효과→PEG(영익)1y 산출불가,4,"K신재생에너지,K이노베이션,코리아밸류업,코스피",13.6,2차전지·에너지,셀,삼성SDI,12.42823086990448,탈락,"PEG매출>1,PEG영익>1,ROE<10,이익률<10,fPER>30,전년이익률<5",기저효과,2026-09-16
005380,369500.0,738152.0,273,2.77,787000.0,211000.0,9.53,697600.0,24.44,현대차,110358.0,110358.0,114487.0,6.4474743857381185,6.688704035955708,9.71,1.6283067689617097,,1.2878793416738545,,1.109039646832682,,5.904270845474134,8.38,188.95,4.1077665237618355,-0.16742385266701465,2.77,88.7956698240866,2026.12(E),6.157112982505121,2025.12,순이익=당기순이익 대체;,4,"Korea플러스배당,K신재생에너지,코리아밸류업,코스피",3.93,자동차,완성차,현대차,,탈락,"PEG매출>1,PEG영익>1,ROE<10,이익률<10",PER괴리,2026-09-16
003230,1275000.0,94841.0,268,0.38,1605000.0,981000.0,16.76,1864615.0,18.59,삼양식품,5659.0,5659.0,7338.0,12.92463886617607,16.759321434882487,17.0,0.4991713798196129,0.4191429530613264,0.4811610970554659,0.36492402068501323,0.43995288504839625,0.23701100485936116,23.359011905519832,37.36,72.74,33.57428352751084,39.98473864937046,0.38,46.2443137254902,2026.12(E),22.28931031550302,2025.12,순이익=당기순이익 대체;,4,"Korea플러스배당,K컬처,코리아밸류업,코스피",3.27,소비재·식품,음식료,삼양식품,0.4191429530613264,통과,,,2026-09-16
034730,555000.0,399490.0,313,1.45,920000.0,203500.0,3.41,855273.0,30.34,SK,346732.0,346732.0,123366.0,3.238250409351037,1.152157862556672,3.4,0.052153321008233985,,0.11314628051349346,0.009078516639017391,0.22300731403294757,0.030791068727743925,8.234797804694729,37.14,149.17,22.091744883796927,578.3942810008249,1.45,54.10324324324325,2026.12(E),1.4820302306457935,2025.12,순이익=당기순이익 대체;기저효과→PEG(영익)1y 산출불가,4,"Korea플러스배당,K신재생에너지,코리아밸류업,코스피",3.22,지주·소재,지주,SK,0.009078516639017391,탈락,"이익률<10,전년이익률<5","기저효과,PER괴리",2026-09-16
078930,114800.0,103486.0,313,2.69,133200.0,44000.0,4.18,145600.0,19.84,GS,29960.0,29960.0,51915.0,1.9933737840701147,3.454138851802403,4.32,0.2501707645740162,0.04496629016040187,0.5280654870793475,0.1155699555841793,1.0372165474135562,0.29440499271810844,18.113274694448613,15.97,86.04,13.807124336386845,76.81618473485234,2.69,26.82926829268293,2026.12(E),11.658546463840281,2025.12,순이익=당기순이익 대체;,4,"Korea플러스배당,K신재생에너지,코리아밸류업,코스피",2.55,지주·소재,지주,GS,0.04496629016040187,통과,,,2026-09-16
373220,363500.0,858780.0,283,,527000.0,290500.0,-285.38,519667.0,5.52,LG에너지솔루션,-5259.0,-5259.0,8405.0,102.17489589530042,,-284.13,,,,,,,2.5972139820033617,-1.46,129.0,36.70950244594835,-37.56035955723943,,42.962035763411286,2026.12(E),5.686513066180011,2025.12,순이익=당기순이익 대체;,3,"K신재생에너지,K이노베이션,코스피",9.61,2차전지·에너지,셀,LG에너지솔루션,,탈락,"PEG매출>1,PEG영익>1,ROE<10,이익률<10,fPER>30",,2026-09-16
005490,332000.0,257931.0,304,3.07,542000.0,257000.0,13.77,507053.0,32.47,POSCO홀딩스,20974.0,20974.0,30929.0,8.339454880532834,12.297654238581101,14.04,1.867278738269063,,18.736584773785,0.6376135462534541,,,4.199719194953113,3.33,68.64,6.585869579375614,69.2791855946582,3.07,52.726807228915675,2026.12(E),2.644334097017291,2025.12,순이익=당기순이익 대체;기저효과→PEG(영익)1y 산출불가,3,"K신재생에너지,K이노베이션,코스피",9.4,지주·소재,철강·비철,POSCO홀딩스,0.6376135462534541,탈락,"PEG매출>1,ROE<10,이익률<10,전년이익률<5",기저효과,2026-09-16
128940,495500.0,64311.0,261,0.4,648000.0,302000.0,24.46,668333.0,13.36,한미약품,2845.0,2845.0,3665.0,17.547339699863574,22.60492091388401,24.19,1.6484974134889494,0.5361130277460254,2.6675264300521206,0.7485209839717797,3.979074459374531,1.2272157457261565,20.827413763709725,19.06,50.23,13.7124394184168,42.16446858029481,0.4,34.880524722502514,2026.12(E),16.65912762520194,2025.12,순이익=당기순이익 대체;,3,"K바이오,K이노베이션,코리아밸류업",9.37,바이오·헬스케어,제약,한미약품,0.5361130277460254,탈락,PEG매출>1,,2026-09-16
196170,261500.0,177969.0,286,0.11,569000.0,253000.0,56.48,447500.0,15.29,알테오젠,3249.0,3249.0,3164.0,56.24810366624526,54.77654662973222,57.47,0.4086474228527709,0.27950419258798925,0.4504703035549018,0.21655910109104878,0.7437444990988481,,62.61626756382347,53.22,53.76,134.04353867531262,195.97754911131898,0.11,71.12810707456978,2026.12(E),49.51366373320982,2025.12,순이익=당기순이익 대체;,3,"K바이오,K이노베이션,코스닥",9.23,바이오·헬스케어,신약·플랫폼,알테오젠,0.21655910109104878,탈락,fPER>30,기저효과,2026-09-16
068270,178000.0,411500.0,261,0.4,258500.0,145200.0,26.26,275674.0,25.38,셀트리온,15932.0,15932.0,18583.0,22.14389495775709,25.82852121516445,26.35,0.7821273065482471,0.43752721136444844,1.0430877141325754,0.2737641358172648,0.707334896577308,0.6176294398591563,33.56088927416879,8.85,28.71,33.02342342342342,59.0329482242191,0.4,54.87303370786516,2026.12(E),28.072072072072075,2025.12,순이익=당기순이익 대체;,3,"K바이오,K이노베이션,코스피",9.0,바이오·헬스케어,바이오시밀러·CDMO,셀트리온,0.43752721136444844,탈락,ROE<10,,2026-09-16
226950,108600.0,25253.0,262,,225500.0,81000.0,,,9.5,올릭스,,,,,,,,,,,,,,,30.18,,,,,2026.12(E),-204.08163265306123,2025.12,순이익=당기순이익 대체;기저효과→PEG(영익)1y 산출불가,3,"K바이오,K컬처,코스닥",8.95,바이오·헬스케어,신약·플랫폼,올릭스,,보류,컨센서스 없음,기저효과,2026-09-16
207940,1409000.0,648999.0,261,,1987000.0,982000.0,34.63,1997143.0,13.2,삼성바이오로직스,18765.0,18765.0,24162.0,26.860317854482243,34.58561151079137,34.88,1.6800621645312475,2.062378885825057,1.3641773592955742,0.9819152894807905,2.4445090821824627,1.1741523676840617,43.97008243708031,21.05,48.44,20.585911784068458,16.76976609317611,,41.74187366926898,2026.12(E),45.40706605222734,2025.12,순이익=당기순이익 대체;,3,"K바이오,K이노베이션,코스피",8.03,바이오·헬스케어,바이오시밀러·CDMO,삼성바이오로직스,2.062378885825057,탈락,"PEG매출>1,PEG영익>1,fPER>30",,2026-09-16
402340,1014000.0,1341667.0,278,,2338000.0,193600.0,2.98,1938333.0,46.53,SK스퀘어,448978.0,448978.0,482125.0,2.7828198081410425,2.988268912953419,2.93,0.040877285561760165,0.006669778063436704,0.03962317733305663,0.011920937154059784,0.030024681554612548,,266.3821205591469,95.25,9.01,73.1034086996442,448.03123650169374,,91.15710059171597,2026.12(E),84.14055625693409,2025.12,순이익=당기순이익 대체;,3,"Korea플러스배당,코리아밸류업,코스피",5.96,반도체,지주(하이닉스),SK스퀘어,0.011920937154059784,통과,,기저효과,2026-09-16
105560,176400.0,623896.0,301,2.48,195900.0,109200.0,9.55,226278.0,79.06,KB금융,67343.0,67343.0,94483.0,6.603261962469439,9.264452133109604,9.55,,0.8479671602642126,,1.1069748634362393,,0.6639112060688342,,11.02,1211.73,,10.92548457917044,2.48,28.275510204081634,2026.12(E),10.4858138610156,2025.12,순이익=당기순이익 대체;,3,"Korea플러스배당,코리아밸류업,코스피",5.01,금융,은행,KB금융,0.8479671602642126,금융,영업이익·PEG 기준 부적합(별도 판단),,2026-09-16
055550,111900.0,526723.0,301,2.31,116500.0,68100.0,9.01,137556.0,61.86,신한지주,59921.0,59921.0,80830.0,6.516429543486329,8.790290549223144,9.01,,0.5826512518253475,,0.7405452748218371,,0.894110436667946,,9.91,1201.94,,15.086710140387849,2.31,22.927613941018766,2026.12(E),10.858353173989672,2025.12,순이익=당기순이익 대체;,3,"Korea플러스배당,코리아밸류업,코스피",4.88,금융,은행,신한지주,0.5826512518253475,금융,영업이익·PEG 기준 부적합(별도 판단),,2026-09-16
278470,361000.0,131782.0,266,1.45,475000.0,204000.0,22.39,536000.0,37.87,에이피알,5910.0,5910.0,7657.0,17.210656915240957,22.29813874788494,23.0,0.2190233925631531,0.203647419099249,0.209370998204775,0.1488443796879986,0.27686984838198425,0.2361709652972632,24.84264486405814,90.3,73.11,101.80711058731093,109.49384404924763,1.45,48.47645429362881,2026.12(E),23.93112027761409,2025.12,순이익=당기순이익 대체;,3,"K컬처,코리아밸류업,코스피",3.7,화장품·뷰티,브랜드·디바이스,에이피알,0.203647419099249,통과,,,2026-09-16
010120,196700.0,297600.0,306,0.3,920000.0,146500.0,55.03,297500.0,18.66,LS ELECTRIC,5359.0,5359.0,7200.0,41.333333333333336,55.53274864713566,54.01,1.750108035996359,0.8065110362104443,2.7933841336900906,1.5457738185408543,3.55146526164939,1.8282397179975816,11.006649850951616,23.77,131.48,31.731040315759795,68.85553470919325,0.3,51.24555160142348,2026.12(E),8.586733255467397,2025.12,순이익=당기순이익 대체;,3,"K신재생에너지,K이노베이션,코스피",2.69,AI·전력인프라,변압기·전력기기,LS ELECTRIC,0.8065110362104443,탈락,"PEG매출>1,fPER>30",,2026-09-16
062040,189600.0,59845.0,306,0.64,348500.0,105000.0,27.97,285000.0,16.46,산일전기,2131.0,2131.0,2554.0,23.431871574001566,28.0830595964336,26.85,0.7689518609629038,0.6530774015524794,0.6496125041883821,0.5305470749164051,0.5940319534586189,0.36801013532263405,37.273788674839466,31.82,16.48,36.52121936640764,43.00111982082866,0.64,50.31645569620253,2026.12(E),35.584777844192075,2025.12,순이익=당기순이익 대체;,3,"K이노베이션,코리아밸류업,코스피",2.37,미분류,306,산일전기,0.6530774015524794,통과,,,2026-09-16
000810,661000.0,292887.0,315,2.97,757000.0,419000.0,13.22,778125.0,57.66,삼성화재,24100.0,24100.0,32317.0,9.062939010427948,12.15298755186722,13.33,,0.5643731959338127,,1.164108654812741,,1.0959244559009154,,8.17,352.98,,21.533601594524466,2.97,17.71936459909229,2026.12(E),10.731480920959703,2025.12,순이익=당기순이익 대체;,3,"Korea플러스배당,코리아밸류업,코스피",1.65,금융,보험,삼성화재,0.5643731959338127,금융,영업이익·PEG 기준 부적합(별도 판단),,2026-09-16
066970,115500.0,44957.0,283,,225000.0,62500.0,-90.72,177714.0,16.99,엘앤에프,-494.0,-494.0,2153.0,20.881096144914075,,-94.18,,,,,,,6.014974576744706,-7.46,363.06,66.10515569167943,,,53.86493506493506,2026.12(E),-7.2810803285535295,2025.12,순이익=당기순이익 대체;기저효과→PEG(영익)1y 산출불가,3,"K신재생에너지,K이노베이션,코스피",1.25,미분류,283,엘앤에프,,탈락,"PEG매출>1,PEG영익>1,ROE<10,이익률<10,fPER>30,전년이익률<5",기저효과,2026-09-16
033780,170400.0,177827.0,275,3.5,194900.0,132100.0,13.66,241538.0,51.07,KT&G,13456.0,13456.0,15314.0,11.612054329371817,13.21544292508918,13.62,2.1507209946626054,0.946062368590428,1.5158359114900388,0.9790342464973004,2.199699231324362,1.395248591206472,21.92726231386025,14.17,51.98,6.144657051233349,13.968891865743839,3.5,41.747652582159624,2026.12(E),20.42190373421281,2025.12,순이익=당기순이익 대체;,3,"Korea플러스배당,코리아밸류업,코스피",0.97,소비재·식품,담배·기호,KT&G,0.946062368590428,탈락,PEG매출>1,,2026-09-16
036570,203500.0,43196.0,263,0.57,343500.0,176100.0,9.19,365278.0,38.98,NC,4843.0,4843.0,5228.0,8.262433052792655,8.919264918438984,9.35,0.10435934704243889,,0.2696388149699709,,0.5494792556087428,0.1588338566436081,18.70616859882639,13.11,28.56,85.46685247859844,3147.204968944099,0.57,79.49778869778869,2026.12(E),1.0684186077377398,2025.12,순이익=당기순이익 대체;기저효과→PEG(영익)1y 산출불가,2,"K이노베이션,K컬처",8.9,엔터·게임·콘텐츠,게임,NC,,탈락,"PEG영익>1,전년이익률<5",기저효과,2026-09-16
035420,205500.0,305710.0,300,1.31,308500.0,181100.0,16.0,325783.0,36.07,NAVER,19679.0,19679.0,21970.0,13.914883932635412,15.534834087097922,16.4,1.06506624266961,,1.1656797963773662,2.9004620124039473,1.2370949974989398,1.1216869432937373,15.931372549019606,6.78,41.9,14.585791441628594,-0.5026946243376629,1.31,58.53187347931874,2026.12(E),18.34732031574574,2025.12,순이익=당기순이익 대체;,2,"K이노베이션,코스피",8.89,인터넷·통신,플랫폼,NAVER,,탈락,"PEG매출>1,PEG영익>1,ROE<10",,2026-09-16
259960,209500.0,93097.0,263,1.1,322000.0,173000.0,10.37,361667.0,43.55,크래프톤,9126.0,9126.0,14508.0,6.416942376619796,10.201293008985317,10.73,0.22320192925342386,0.2713482176759363,0.3023319844607127,0.9476206835416281,0.28036807946981884,0.431926679565702,29.931916649473898,12.3,31.31,45.70432273191847,37.59484066767831,1.1,72.63341288782816,2026.12(E),31.696025972464376,2025.12,순이익=당기순이익 대체;,2,"K이노베이션,K컬처",7.47,엔터·게임·콘텐츠,게임,크래프톤,0.2713482176759363,통과,,,2026-09-16
145020,236500.0,28660.0,286,,315000.0,208500.0,16.27,393333.0,58.35,휴젤,1809.0,1809.0,2191.0,13.080785029666819,15.843007186290768,16.73,0.5954785459674806,1.7488242547944057,0.7874029945588595,1.0692551186340769,0.8356089258454678,0.6894439648769592,40.709773318468976,16.8,9.86,26.60550458715596,9.059233449477343,,66.31416490486257,2026.12(E),47.259468360385796,2025.12,순이익=당기순이익 대체;,2,"K바이오,K컬처",7.15,바이오·헬스케어,미용의료·의료기기,휴젤,1.7488242547944057,탈락,PEG영익>1,,2026-09-16
298380,59700.0,32305.0,286,,257500.0,54100.0,,,13.6,에이비엘바이오,,,,,,,,,,,,,,,79.29,,,,,2026.12(E),-50.945775535939475,2025.12,순이익=당기순이익 대체;기저효과→PEG(영익)1y 산출불가,2,"K바이오,코스닥",6.88,바이오·헬스케어,신약·플랫폼,에이비엘바이오,,보류,컨센서스 없음,기저효과,2026-09-16
141080,83700.0,30430.0,261,,260000.0,75700.0,,220000.0,13.27,리가켐바이오,-1147.0,-1147.0,-1214.0,,,-25.58,,,,,,,-64.09714889123548,-23.48,29.7,33.75706214689265,,,162.84348864994027,2026.12(E),-75.21186440677965,2025.12,순이익=당기순이익 대체;기저효과→PEG(영익)1y 산출불가,2,"K바이오,코스닥",6.25,바이오·헬스케어,신약·플랫폼,리가켐바이오,,탈락,"PEG매출>1,PEG영익>1,ROE<10,이익률<10,fPER>30,전년이익률<5",기저효과,2026-09-16
095610,129700.0,26272.0,278,0.63,238000.0,35450.0,23.98,214625.0,6.65,테스,1084.0,1084.0,1047.0,25.092645654250237,24.236162361623617,22.92,0.6581064659834533,0.2986887386997537,0.5846970434395407,0.3733897967047156,0.5004179678963274,,21.794338051623647,24.57,24.43,36.827114782113355,81.14186851211073,0.63,65.47802621434077,2026.12(E),16.462546283110225,2025.12,순이익=당기순이익 대체;,2,"코리아밸류업,코스닥",4.6,반도체,전공정 장비,테스,0.2986887386997537,통과,,,2026-09-16
138040,126900.0,208682.0,321,,149800.0,98000.0,8.41,153333.0,14.3,메리츠금융지주,25551.0,25551.0,32423.0,6.436233537920612,8.167273296544167,8.54,,0.6347977813577496,,9.795205333461954,,2.407450090828705,,23.23,1102.87,,12.865944929856932,,20.829787234042563,2026.12(E),14.139390658069598,2025.12,순이익=당기순이익 대체;,2,"Korea플러스배당,코스피",4.49,금융,보험,메리츠금융지주,0.6347977813577496,금융,영업이익·PEG 기준 부적합(별도 판단),,2026-09-16
086790,137500.0,369061.0,301,3.01,146400.0,84000.0,8.44,166053.0,68.96,하나금융지주,44808.0,44808.0,59870.0,6.164372807750126,8.236497946795215,8.53,,0.6928576774643376,,0.7456863270539672,,0.9744165311693528,,9.61,1377.89,,11.887719822833542,3.01,20.765818181818176,2026.12(E),7.761271532092899,2025.12,순이익=당기순이익 대체;,2,"Korea플러스배당,코리아밸류업",3.98,금융,은행,하나금융지주,0.6928576774643376,금융,영업이익·PEG 기준 부적합(별도 판단),,2026-09-16
257720,43650.0,28099.0,308,0.71,56100.0,29850.0,11.64,59636.0,11.95,실리콘투,2487.0,2487.0,2961.0,9.489699425869638,11.298351427422597,11.86,0.2547434800733558,0.2558634380587212,0.214580993307346,0.24196994592116738,0.16738571304010305,0.13505837974723037,18.375325803649,42.64,55.09,44.35187673564454,44.157740993184035,0.71,36.623138602520044,2026.12(E),18.400071665322944,2025.12,순이익=당기순이익 대체;,2,"K컬처,코스닥",3.97,화장품·뷰티,유통,실리콘투,0.2558634380587212,통과,,,2026-09-16
316140,36300.0,267454.0,301,3.75,41900.0,24450.0,8.24,43778.0,50.2,우리금융지주,33427.0,33427.0,43793.0,6.1072317493663375,8.00113680557633,8.25,,0.41735383297561246,,5.526654089011521,,1.0301080513284306,,8.59,1488.67,,19.171111352998803,3.75,20.600550964187335,2026.12(E),8.844624582414726,2025.12,순이익=당기순이익 대체;,2,"Korea플러스배당,코리아밸류업",3.82,금융,은행,우리금융지주,0.41735383297561246,금융,영업이익·PEG 기준 부적합(별도 판단),,2026-09-16
009540,340000.0,234613.0,291,3.71,494500.0,314000.0,5.99,563231.0,33.27,HD한국조선해양,49253.0,49253.0,61585.0,3.8095802549322073,4.763425578137372,6.12,0.312486731060294,0.0825146192095713,0.2936489947843209,0.04442347152165623,0.27310431732401425,0.026549288769489178,17.85274277382081,27.18,133.86,15.243609102935874,57.72826226149314,3.71,65.65617647058824,2026.12(E),13.044044739620219,2025.12,순이익=당기순이익 대체;,2,"K신재생에너지,코리아밸류업",3.79,조선·방산·우주,조선,HD한국조선해양,0.0825146192095713,통과,,,2026-09-16
005830,187200.0,122420.0,315,4.07,237000.0,118100.0,7.44,234875.0,43.38,DB손해보험,20510.0,20510.0,,,5.968795709410044,7.51,,,,,,,,,576.91,,,4.07,25.46741452991452,2026.12(E),10.343675562632605,2025.12,순이익=당기순이익 대체;,2,"Korea플러스배당,코리아밸류업",3.75,금융,보험,DB손해보험,,금융,영업이익·PEG 기준 부적합(별도 판단),,2026-09-16
241710,126600.0,14621.0,266,0.27,172900.0,60400.0,19.77,135200.0,24.33,코스메카코리아,858.0,858.0,1145.0,12.76943231441048,17.04079254079254,18.28,0.5395970325787518,0.45900199263102487,0.6352838089508643,0.45219928723710495,0.7942860209495587,0.5240159989474031,13.577611763310804,25.97,87.91,31.580589795599945,37.125748502994014,0.27,6.793048973143767,2026.12(E),13.028553596504915,2025.12,순이익=당기순이익 대체;,2,"K컬처,코리아밸류업",3.62,화장품·뷰티,ODM,코스메카코리아,0.45900199263102487,통과,,,2026-09-16
476830,27050.0,7365.0,286,,245250.0,19990.0,,,9.64,알지노믹스,,,,,,,,,,,,,,,6.72,,,,,2026.12(E),-184.81012658227849,2025.12,순이익=당기순이익 대체;기저효과→PEG(영익)1y 산출불가,2,"K바이오,코스닥",3.55,바이오·헬스케어,신약·플랫폼,알지노믹스,,보류,컨센서스 없음,기저효과,2026-09-16
131290,241500.0,27101.0,278,0.18,318500.0,44500.0,18.91,380000.0,9.61,티에스이,1610.0,1610.0,1876.0,14.446162046908315,16.832919254658385,18.64,0.272131137139954,0.05983956844864108,0.4083868175653472,0.14407392634142618,0.4133345189877318,,27.02391241717084,31.16,30.88,61.855910468640715,281.3008130081301,0.18,57.34989648033127,2026.12(E),11.47120540918629,2025.12,순이익=당기순이익 대체;,2,"코리아밸류업,코스닥",3.32,반도체,테스트·후공정,티에스이,0.14407392634142618,통과,,기저효과,2026-09-16
012450,1066000.0,543478.0,284,0.66,1713000.0,783000.0,23.4,1650526.0,45.52,한화에어로스페이스,36103.0,36103.0,46454.0,11.699272398501744,15.053541256959255,23.6,0.7042894556819227,0.2988555041779078,0.21564331957969743,0.23603786512708727,0.25024466058757855,0.15289029000142076,14.333053587737268,21.41,221.38,21.374082964771613,50.37063412423526,0.66,54.83358348968106,2026.12(E),11.569155410086545,2025.12,순이익=당기순이익 대체;,2,"코리아밸류업,코스피",3.28,조선·방산·우주,방산,한화에어로스페이스,0.2988555041779078,통과,,PER괴리,2026-09-16
240810,110300.0,58606.0,278,0.17,187800.0,43200.0,26.9,154714.0,14.79,원익IPS,2160.0,2160.0,1794.0,32.66778149386845,27.132407407407406,24.42,0.7386314859144004,0.18961852904040408,0.9374085058671395,0.08713199322019308,1.2508217581107721,,14.42122186495177,20.28,20.06,36.73334798856891,143.08943089430892,0.17,40.26654578422484,2026.12(E),8.111672895141789,2025.12,순이익=당기순이익 대체;,2,"K신재생에너지,코스닥",3.18,반도체,전공정 장비,원익IPS,0.18961852904040408,통과,,,2026-09-16
310210,141600.0,26303.0,261,,375500.0,97500.0,,,6.28,보로노이,,,,,,,,,,,,,,,64.97,,,,,2026.12(E),-725.3333333333333,2025.12,순이익=당기순이익 대체;기저효과→PEG(영익)1y 산출불가,2,"K바이오,코스닥",3.14,바이오·헬스케어,신약·플랫폼,보로노이,,보류,컨센서스 없음,기저효과,2026-09-16
017670,88600.0,189015.0,333,,140300.0,51400.0,14.08,121900.0,70.49,SK텔레콤,13395.0,13395.0,19601.0,9.643130452527933,14.110862262038074,14.08,4.309420539222044,0.17074954763354677,,3.8336898818264546,147.45591082115678,3.724730368388778,11.09965966555487,10.02,132.4,3.2744221951904073,82.6407007081625,1.8735891647855532,37.584650112866825,2026.12(E),6.27631702067933,2025.12,순이익=당기순이익 대체;,2,"Korea플러스배당,코스피",3.12,인터넷·통신,통신,SK텔레콤,0.17074954763354677,탈락,PEG매출>1,,2026-09-16
004370,409000.0,24209.0,268,1.51,512000.0,319000.0,11.64,567500.0,25.21,농심,2082.0,2082.0,2323.0,10.421437795953508,11.62776176753122,11.94,1.6802402623205142,0.44180689856384125,2.565281007323346,0.601129633252533,3.543378234187479,3.776672272042913,6.182302062541583,7.12,35.0,6.920297071963133,26.31865144100054,1.51,38.75305623471883,2026.12(E),5.232905557294482,2025.12,순이익=당기순이익 대체;,2,"Korea플러스배당,K컬처",3.05,소비재·식품,음식료,농심,0.44180689856384125,탈락,"PEG매출>1,ROE<10,이익률<10",,2026-09-16
031980,167000.0,35643.0,278,0.65,174000.0,39300.0,25.26,208000.0,6.43,피에스케이홀딩스,1411.0,1411.0,1089.0,32.730027548209364,25.260807937632883,25.5,0.7362126072146021,0.5222938880626067,1.830006189126728,2.311506743375839,0.5823971579201832,0.42684826278868604,39.01827302042279,24.86,15.5,34.31183830606352,48.36512261580381,0.65,24.55089820359282,2026.12(E),35.322425409047156,2025.12,순이익=당기순이익 대체;,2,"코리아밸류업,코스닥",2.76,반도체,후공정 장비,피에스케이홀딩스,0.5222938880626067,통과,,,2026-09-16
032830,288000.0,568000.0,330,1.87,518000.0,143600.0,17.96,402538.0,23.16,삼성생명,32918.0,32918.0,34544.0,16.442797591477536,17.254997265933532,18.06,,0.5095150525774284,,0.9830232401977804,,1.334287265888768,,3.19,440.89,,33.86552993605891,1.87,39.770138888888894,2026.12(E),6.948352509404039,2025.12,순이익=당기순이익 대체;,2,"Korea플러스배당,코스피",2.48,금융,보험,삼성생명,0.5095150525774284,금융,영업이익·PEG 기준 부적합(별도 판단),,2026-09-16
012330,398000.0,342666.0,270,1.7,822000.0,283000.0,8.35,735200.0,38.11,현대모비스,41390.0,41390.0,37864.0,9.049915487006126,8.278956269630346,8.64,1.3040412277276818,0.6480903631448794,1.2611701266363662,0.7530933094753238,2.643273211139943,0.4559452481741814,5.8253831254048185,8.07,43.05,6.348692122300914,12.77438570364855,1.7,84.72361809045226,2026.12(E),5.493462656725258,2025.12,순이익=당기순이익 대체;,2,"K신재생에너지,코리아밸류업",2.41,자동차,부품,현대모비스,0.6480903631448794,탈락,"PEG매출>1,ROE<10,이익률<10",,2026-09-16
347850,46650.0,21108.0,286,,342500.0,45000.0,,,10.23,디앤디파마텍,,,,,,,,,,,,,,,23.5,,,,,2026.12(E),-790.6976744186046,2025.12,순이익=당기순이익 대체;기저효과→PEG(영익)1y 산출불가,2,"K바이오,코스닥",2.34,바이오·헬스케어,신약·플랫폼,디앤디파마텍,,보류,컨센서스 없음,기저효과,2026-09-16
001040,131200.0,38309.0,276,2.51,235000.0,116900.0,13.96,207818.0,18.2,CJ,7412.0,7412.0,24702.0,1.5508460853372197,5.168510523475446,13.98,1.0346397863588255,,1.2713284195087882,,1.1341663343582715,0.7828943427806396,5.225978839672758,6.3,176.0,4.995468559801686,-2.2747952684258443,2.51,58.39786585365854,2026.12(E),5.6147653869050265,2025.12,순이익=당기순이익 대체;,2,"Korea플러스배당,K컬처",2.09,지주·소재,지주,CJ,,탈락,"PEG매출>1,PEG영익>1,ROE<10,이익률<10",PER괴리,2026-09-16
078600,86700.0,13678.0,282,0.12,183300.0,58900.0,,153000.0,13.79,대주전자재료,220.0,220.0,397.0,34.45340050377834,62.17272727272727,63.24,1.0082277938621889,0.6773555023923444,1.6803754979031411,3.8368429523402408,2.0352939989271728,0.7255139128436072,9.645286686103011,7.99,155.9,61.66535742340926,91.78743961352657,0.12,76.47058823529412,2026.12(E),8.130400628436764,2025.12,순이익=당기순이익 대체;,2,"K신재생에너지,코스닥",2.07,2차전지·에너지,소재,대주전자재료,0.6773555023923444,탈락,"PEG매출>1,ROE<10,이익률<10,fPER>30",,2026-09-16
329180,452500.0,462354.0,291,1.29,768000.0,344500.0,14.34,866737.0,13.68,HD현대중공업,32245.0,32245.0,40460.0,11.42743450321305,14.338781206388587,14.76,0.351650778223133,0.1454581364601282,0.4669548032636135,0.10276613235246844,0.5229770147739499,0.0783739835703817,16.34800316777916,30.81,180.07,40.775627680511484,98.57668711656441,1.29,91.54408839779005,2026.12(E),11.58947931242392,2025.12,순이익=당기순이익 대체;,2,"코리아밸류업,코스피",1.77,조선·방산·우주,조선,HD현대중공업,0.1454581364601282,통과,,,2026-09-16
028300,32500.0,42490.0,281,,69200.0,24000.0,,,17.16,HLB,,,,,,,,,,,,,,,88.14,,,,,2026.12(E),-123.75296912114013,2025.12,순이익=당기순이익 대체;기저효과→PEG(영익)1y 산출불가,2,"K바이오,코스닥",1.69,바이오·헬스케어,신약·플랫폼,HLB,,보류,컨센서스 없음,기저효과,2026-09-16
006260,305500.0,94692.0,306,0.82,604000.0,161200.0,14.57,561273.0,16.83,LS,10485.0,10485.0,19996.0,4.735547109421884,9.031187410586552,14.57,0.312369975445935,0.10038255404839921,0.4081175890187603,0.2473035229938866,0.47944810275515126,0.29609101595193194,4.86707785474708,12.34,225.47,28.91182930655789,89.96769903097092,0.82,83.7227495908347,2026.12(E),3.30279259491685,2025.12,순이익=당기순이익 대체;,2,"K신재생에너지,코스피",1.61,AI·전력인프라,전선·케이블,LS,0.10038255404839921,탈락,"이익률<10,전년이익률<5",PER괴리,2026-09-16
161890,144700.0,35408.0,266,0.58,171500.0,55200.0,18.11,170200.0,40.08,한국콜마,2503.0,2503.0,3458.0,10.239444765760556,14.146224530563323,17.45,0.818005133007765,0.3191558754729729,1.0021890736576993,0.4217245121121652,1.0109295479556364,0.388047878034118,10.829262182137041,19.59,107.38,17.293564501910087,44.32387312186978,0.58,17.622667588113327,2026.12(E),8.801057890096974,2025.12,순이익=당기순이익 대체;,2,"K컬처,코스피",1.46,미분류,266,한국콜마,0.3191558754729729,통과,,,2026-09-16
192820,274000.0,31835.0,266,1.18,309500.0,141000.0,18.78,304632.0,35.32,코스맥스,1769.0,1769.0,2569.0,12.391981315687039,17.996042962125493,18.28,0.7558905245586874,0.5766980707011737,1.0528190513529785,0.8560243358988817,0.96432786764915,0.590811701855605,8.650122899760934,27.19,247.1,23.807737201934298,31.20531154239019,1.18,11.17956204379562,2026.12(E),8.162414540603635,2025.12,순이익=당기순이익 대체;,2,"코리아밸류업,코스피",1.33,화장품·뷰티,ODM,코스맥스,0.5766980707011737,탈락,이익률<10,,2026-09-16
175330,32000.0,61459.0,301,3.46,38500.0,21700.0,8.28,37533.0,33.87,JB금융지주,7677.0,7677.0,10268.0,5.985488897545773,8.0056011462811,8.09,,1.0233199961883894,,1.240744731387053,,0.9227744116069213,,12.28,1084.16,,7.823164969022356,3.46,17.290625000000006,2026.12(E),20.565813627038118,2025.12,순이익=당기순이익 대체;,2,"Korea플러스배당,코리아밸류업",1.32,금융,은행,JB금융지주,1.0233199961883894,금융,영업이익·PEG 기준 부적합(별도 판단),,2026-09-16
079550,669000.0,146520.0,284,0.44,1118000.0,360000.0,40.31,1140938.0,27.11,LIG디펜스앤에어로스페이스,3483.0,3483.0,4490.0,32.632516703786195,42.0671834625323,40.62,2.215716674266607,1.0367483331738283,1.6782780418760388,1.0071364289441374,1.3816119602176067,1.235453340832872,8.761659446590954,22.77,446.35,18.985813462118916,40.57608015028178,0.44,70.54379671150971,2026.12(E),7.416006872692655,2025.12,순이익=당기순이익 대체;,2,"코리아밸류업,코스피",1.28,조선·방산·우주,방산,LIG디펜스앤에어로스페이스,1.0367483331738283,탈락,"PEG매출>1,PEG영익>1,이익률<10,fPER>30",,2026-09-16
319660,119700.0,37512.0,278,0.53,224000.0,27300.0,23.59,196000.0,21.58,피에스케이,1589.0,1589.0,1861.0,20.15690488984417,23.607300188797986,21.55,0.47463753941593845,0.21406209699883424,0.7581963839157723,0.4824370125410495,0.950534455869963,0.46329007723461607,27.183756938358165,26.06,19.84,49.737532808398946,110.28248587570619,0.53,63.742690058479525,2026.12(E),19.35695538057743,2025.12,순이익=당기순이익 대체;,2,"코리아밸류업,코스닥",1.2,반도체,전공정 장비,피에스케이,0.21406209699883424,통과,,,2026-09-16
000270,122300.0,471228.0,273,5.63,212500.0,98400.0,5.52,215200.0,39.26,기아,85239.0,85239.0,102394.0,4.602105592124539,5.52831450392426,5.57,0.5452169118771064,0.43215871779966253,0.676971934290015,,0.6914213971205858,,8.14496986820921,13.28,61.76,10.139660717586763,12.792324385058551,5.63,75.96075224856908,2026.12(E),7.953415471579425,2025.12,순이익=당기순이익 대체;,2,"Korea플러스배당,코리아밸류업",1.06,자동차,완성차,기아,0.43215871779966253,탈락,이익률<10,,2026-09-16
491000,30550.0,6907.0,281,,95900.0,27100.0,,90000.0,3.18,리브스메드,-288.0,-288.0,-331.0,,,-26.63,,,,,,,-47.48923959827834,,11.65,36.1328125,,,194.59901800327333,2026.12(E),-44.140625,2025.12,순이익=당기순이익 대체;기저효과→PEG(영익)1y 산출불가,2,"K바이오,코스닥",1.06,바이오·헬스케어,미용의료·의료기기,리브스메드,,탈락,"PEG매출>1,PEG영익>1,ROE<10,이익률<10,fPER>30,전년이익률<5",기저효과,2026-09-16
086280,203500.0,150375.0,326,2.89,303500.0,156000.0,9.03,322000.0,46.63,현대글로비스,16668.0,16668.0,21592.0,6.964384957391626,9.021778257739381,9.21,0.7424541561489283,2.1696225438855867,1.1220753225410631,0.8212132161769125,1.0149223615896865,0.7786060348433331,6.511636323060638,15.19,78.92,12.151293360030312,4.158224794983112,2.89,58.23095823095823,2026.12(E),7.011337193571081,2025.12,순이익=당기순이익 대체;,2,"코리아밸류업,코스피",1.02,미분류,326,현대글로비스,2.1696225438855867,탈락,"PEG영익>1,이익률<10",,2026-09-16
028260,349000.0,573262.0,276,0.79,566000.0,183000.0,21.41,500714.0,30.69,삼성물산,38958.0,38958.0,38109.0,15.04269332703561,14.714872426715951,21.02,1.2416201209148727,0.9349992365775296,3.645547652551787,1.130112850681264,5.176970089054431,1.4848032614489057,8.36261018593087,4.66,50.5,11.851348233526915,15.737844322288709,0.79,43.471060171919774,2026.12(E),8.081792343074257,2025.12,순이익=당기순이익 대체;,2,"Korea플러스배당,코스피",0.99,지주·소재,지주,삼성물산,0.9349992365775296,탈락,"PEG매출>1,ROE<10,이익률<10",,2026-09-16
000150,1300000.0,224608.0,276,0.29,2489000.0,522000.0,61.14,2115833.0,19.67,두산,9336.0,9336.0,18125.0,12.392165517241379,24.058269065981147,56.82,2.3124481418076925,0.3409805619687672,2.466746527601004,0.6998962289889943,5.324051532373047,2.983731236504385,8.298080796982017,24.8,169.14,10.403809119444407,70.55613061070858,0.29,62.75638461538462,2026.12(E),5.371485182545579,2025.12,순이익=당기순이익 대체;,2,"Korea플러스배당,코스피",0.92,반도체,기판·PCB,두산,0.3409805619687672,탈락,"PEG매출>1,이익률<10",PER괴리,2026-09-16
058470,65300.0,50224.0,278,1.21,133100.0,48450.0,25.89,103500.0,29.57,리노공업,1939.0,1939.0,2251.0,22.311861394935583,25.902011346054667,25.27,1.0926952691285807,0.9531509372664608,0.902517255795554,0.7480642704079729,1.1932307442201746,1.0234204337117419,48.84982638888889,24.3,8.3,23.704697986577173,27.17514124293785,1.21,58.49923430321593,2026.12(E),47.51677852348993,2025.12,순이익=당기순이익 대체;,2,"코리아밸류업,코스닥",0.92,반도체,테스트·후공정,리노공업,0.9531509372664608,탈락,PEG매출>1,,2026-09-16
290650,47700.0,12325.0,281,0.11,125000.0,41200.0,,,24.11,엘앤씨바이오,258.0,258.0,377.0,32.69230769230769,47.77131782945737,55.01,0.5203118056584211,0.0631212607956794,0.9381072893202412,0.22649813182665424,1.345117048196857,0.7134047000216733,22.98780487804878,10.62,118.98,91.81286549707602,756.8181818181819,0.11,,2026.12(E),5.146198830409357,2025.12,순이익=당기순이익 대체;,2,"K컬처,코스닥",0.88,바이오·헬스케어,미용의료·의료기기,엘앤씨바이오,0.22649813182665424,탈락,fPER>30,기저효과,2026-09-16
003490,29350.0,106968.0,305,2.58,31200.0,21000.0,32.31,37100.0,51.62,대한항공,2858.0,2858.0,11003.0,9.721712260292648,37.42757172848145,32.64,3.13883177843947,,1.4567271735910972,,1.8203301662315783,,3.8971572676333706,3.01,339.88,11.924045113080028,-1.1943247126436796,2.58,26.405451448040896,2026.12(E),4.414580484034014,2025.12,순이익=당기순이익 대체;,2,"Korea플러스배당,코스피",0.83,미분류,305,대한항공,,탈락,"PEG매출>1,PEG영익>1,ROE<10,이익률<10,fPER>30,전년이익률<5",,2026-09-16
112610,53000.0,22140.0,295,1.91,79400.0,34500.0,11.92,76600.0,16.81,씨에스윈드,1897.0,1897.0,3043.0,7.275714755175813,11.671059567738535,12.03,,,,1.2779199148439138,0.5014128801690364,0.27181806505645867,10.684691011235955,15.18,167.68,-2.8516850866421084,-4.995316890415236,1.91,44.52830188679244,2026.12(E),10.925774321189794,2025.12,순이익=당기순이익 대체;,1,K신재생에너지,8.63,2차전지·에너지,풍력,씨에스윈드,,탈락,"PEG매출>1,PEG영익>1",,2026-09-16
009830,28750.0,64094.0,295,,59300.0,22000.0,13.66,45750.0,13.1,한화솔루션,4430.0,4430.0,8900.0,7.201573033707866,14.468171557562076,13.68,0.3909482159457896,,0.6759597259216017,,1.2279610500960718,0.9397941987186164,4.872067179784753,4.52,196.32,37.00789763820866,,,59.13043478260869,2026.12(E),-2.7360478808379147,2025.12,순이익=당기순이익 대체;기저효과→PEG(영익)1y 산출불가,1,K신재생에너지,8.31,2차전지·에너지,태양광,한화솔루션,,탈락,"PEG영익>1,ROE<10,이익률<10,전년이익률<5",기저효과,2026-09-16
178320,35600.0,22877.0,306,,83300.0,20850.0,-618.97,63500.0,14.1,서진시스템,-37.0,-37.0,635.0,36.02677165354331,,-617.85,,,,,,,3.4497745422936923,-0.47,212.62,72.62496483166088,5672.727272727273,,78.37078651685394,2026.12(E),0.10316046140860921,2025.12,순이익=당기순이익 대체;기저효과→PEG(영익)1y 산출불가,1,K이노베이션,8.02,AI·전력인프라,ESS·함체,서진시스템,,탈락,"PEG매출>1,PEG영익>1,ROE<10,이익률<10,fPER>30,전년이익률<5",기저효과,2026-09-16
006730,11230.0,7469.0,317,0.86,20450.0,8450.0,16.96,17429.0,16.12,서부T&D,565.0,565.0,868.0,8.60483870967742,13.219469026548673,16.36,0.5461554341584084,0.5632294985250736,0.4324561494335543,0.38502082351810757,0.5967308988699541,0.4050673112846623,28.14526588845655,4.1,134.7,24.204591220298035,23.47083926031295,0.86,55.200356188780056,2026.12(E),28.312525171163916,2025.12,순이익=당기순이익 대체;,1,K컬처,7.09,지주·소재,부동산,서부T&D,0.5632294985250736,탈락,ROE<10,,2026-09-16
336260,51900.0,33598.0,295,,108900.0,18230.0,-45.76,63857.0,14.09,두산퓨얼셀,-917.0,-917.0,-743.0,,,-46.03,,,,,,,-14.830339321357286,-28.44,226.12,10.158311345646442,,,23.03853564547207,2026.12(E),-23.240985048372913,2025.12,순이익=당기순이익 대체;기저효과→PEG(영익)1y 산출불가,1,K신재생에너지,6.51,2차전지·에너지,수소,두산퓨얼셀,,탈락,"PEG매출>1,PEG영익>1,ROE<10,이익률<10,fPER>30,전년이익률<5",기저효과,2026-09-16
009420,48500.0,24945.0,261,,75500.0,30400.0,-320.47,90333.0,4.45,한올바이오파마,-115.0,-115.0,49.0,509.0816326530612,,-325.5,,,,,,,2.884049440847557,-4.94,39.3,9.471649484536094,,,86.25360824742268,2026.12(E),-0.5798969072164949,2025.12,순이익=당기순이익 대체;기저효과→PEG(영익)1y 산출불가,1,K바이오,6.03,바이오·헬스케어,신약·플랫폼,한올바이오파마,,탈락,"PEG매출>1,PEG영익>1,ROE<10,이익률<10,fPER>30,전년이익률<5",기저효과,2026-09-16
263750,35500.0,21838.0,263,,77400.0,29450.0,6.46,52800.0,5.02,펄어비스,3412.0,3412.0,3930.0,5.556743002544529,6.4003516998827665,6.64,0.05392875274204054,,0.1212034351673777,,0.18915587401359824,,49.15572232645403,35.44,43.8,118.68161925601753,,,48.732394366197184,2026.12(E),-4.048140043763676,2025.12,순이익=당기순이익 대체;기저효과→PEG(영익)1y 산출불가,1,K컬처,5.96,엔터·게임·콘텐츠,게임,펄어비스,,탈락,"PEG영익>1,전년이익률<5",기저효과,2026-09-16
122870,44750.0,8318.0,285,0.67,105900.0,34050.0,16.97,60556.0,10.03,와이지엔터테인먼트,612.0,612.0,777.0,10.705276705276706,13.591503267973856,17.0,0.8376051844466602,1.5141784109477123,0.42737299559438163,,3.7198125871485472,,12.257453857075248,9.17,28.88,16.226622662266223,8.976157082748948,0.67,35.32067039106146,2026.12(E),13.072973964063072,2025.12,순이익=당기순이익 대체;,1,K컬처,5.67,엔터·게임·콘텐츠,엔터,와이지엔터테인먼트,1.5141784109477123,탈락,"PEG영익>1,ROE<10",,2026-09-16
041510,87700.0,19918.0,285,1.86,153000.0,63900.0,16.3,112667.0,31.62,에스엠,1308.0,1308.0,1879.0,10.600319318786589,15.22782874617737,16.4,2.134985202134101,5.6871278786744135,1.1920871755876443,0.3260160261016736,1.618511534081277,0.8322180619816576,14.928100421069356,11.71,47.76,7.132521916758883,2.677595628415297,1.86,28.468643101482314,2026.12(E),15.5757936845689,2025.12,순이익=당기순이익 대체;,1,K컬처,5.36,엔터·게임·콘텐츠,엔터,에스엠,5.6871278786744135,탈락,"PEG매출>1,PEG영익>1",,2026-09-16
058610,106500.0,21778.0,283,0.26,165700.0,26000.0,135.82,129667.0,5.62,에스피지,166.0,166.0,212.0,102.72641509433963,131.19277108433735,142.13,24.904761044176702,7.116213946695872,,4.19346119793114,,13.340106901715632,5.893800389213233,6.04,66.09,5.267778753292363,18.43575418994414,0.26,21.753051643192478,2026.12(E),5.238513315774071,2025.12,순이익=당기순이익 대체;,1,코스닥,5.09,로봇·산업재,로봇,에스피지,7.116213946695872,탈락,"PEG매출>1,PEG영익>1,ROE<10,이익률<10,fPER>30",,2026-09-16
022100,21750.0,32307.0,267,0.59,45600.0,16510.0,,27000.0,3.08,포스코DX,411.0,411.0,404.0,79.96782178217822,78.60583941605839,80.87,,,,,,,4.04282998098669,7.09,45.73,-7.05915178571429,-33.11258278145696,0.59,24.13793103448276,2026.12(E),5.617559523809524,2025.12,순이익=당기순이익 대체;,1,K신재생에너지,5.06,로봇·산업재,산업자동화·IT,포스코DX,,탈락,"PEG매출>1,PEG영익>1,ROE<10,이익률<10,fPER>30",,2026-09-16
036930,197100.0,93892.0,278,0.03,283000.0,26350.0,,205000.0,8.74,주성엔지니어링,453.0,453.0,484.0,193.9917355371901,207.26710816777043,197.89,13.87885571287204,3.793836541316499,,,26.419629541061138,11.051738810665444,13.55362643517222,7.27,50.37,14.934019954940458,54.63258785942493,0.03,4.008117706747849,2026.12(E),10.074026392018023,2025.12,순이익=당기순이익 대체;,1,코스닥,4.77,반도체,전공정 장비,주성엔지니어링,3.793836541316499,탈락,"PEG매출>1,PEG영익>1,ROE<10,fPER>30",,2026-09-16
475830,50200.0,11012.0,261,,146600.0,29450.0,,,7.17,오름테라퓨틱,,,,,,,,,,,,,,,29.37,,,,,2026.12(E),,2025.12,순이익=당기순이익 대체;기저효과→PEG(영익)1y 산출불가,1,K바이오,4.75,바이오·헬스케어,신약·플랫폼,오름테라퓨틱,,보류,컨센서스 없음,기저효과,2026-09-16
108490,329500.0,45321.0,299,,492000.0,99600.0,-3059.41,392286.0,7.26,로보티즈,-33.0,-33.0,-23.0,,,-3198.2,,,,,,,-3.627760252365931,-0.46,1.79,62.982005141388164,,,19.05493171471928,2026.12(E),8.483290488431876,2025.12,순이익=당기순이익 대체;,1,코스닥,4.46,로봇·산업재,로봇,로보티즈,,탈락,"PEG매출>1,PEG영익>1,ROE<10,이익률<10,fPER>30",,2026-09-16
352820,173600.0,73239.0,285,0.29,418000.0,157900.0,39.23,325000.0,18.79,하이브,1978.0,1978.0,2850.0,25.697894736842105,37.0267947421638,39.96,0.4389446758254366,,0.7850165590475973,1.5140579587721028,1.1983342778964245,,5.83394743306313,5.55,54.46,84.354126570814,478.0933062880324,0.29,87.21198156682028,2026.12(E),1.8604475640590212,2025.12,순이익=당기순이익 대체;기저효과→PEG(영익)1y 산출불가,1,K컬처,4.35,엔터·게임·콘텐츠,엔터,하이브,1.5140579587721028,탈락,"PEG영익>1,ROE<10,이익률<10,fPER>30,전년이익률<5",기저효과,2026-09-16
068760,39400.0,17228.0,261,0.51,78300.0,37000.0,,61000.0,4.81,셀트리온제약,460.0,460.0,700.0,24.611428571428572,37.45217391304348,37.92,2.6929418347126703,1.5115589615264309,2.862647455704887,1.0074338281134618,2.3030284202751425,1.5163324189856016,11.456628477905074,10.12,74.2,13.907531692766595,24.777183600713016,0.51,54.82233502538072,2026.12(E),10.458612975391498,2025.12,순이익=당기순이익 대체;,1,K바이오,4.3,바이오·헬스케어,바이오시밀러·CDMO,셀트리온제약,1.5115589615264309,탈락,"PEG매출>1,PEG영익>1,fPER>30",,2026-09-16
403870,53000.0,43948.0,278,0.94,92000.0,27450.0,37.26,67800.0,32.81,HPSP,1183.0,1183.0,1381.0,31.82331643736423,37.14961961115807,36.22,0.8523719088501786,0.6928943574778238,2.182805429791749,1.746329037653246,3.2248479186161023,2.8140419105565284,55.59581320450886,33.72,19.95,43.58381502890174,53.61512791991101,0.94,27.924528301886788,2026.12(E),51.96531791907515,2025.12,순이익=당기순이익 대체;,1,코스닥,4.27,반도체,전공정 장비,HPSP,0.6928943574778238,탈락,fPER>30,,2026-09-16
039030,451000.0,57655.0,278,0.26,628000.0,218500.0,,532500.0,25.02,이오테크닉스,1160.0,1160.0,1332.0,43.28453453453454,49.702586206896555,47.75,1.7148292650549724,0.7664062911292447,2.0941645732151914,0.4661605798581203,3.1435776807439133,0.7921002810952642,27.111744351719924,15.64,13.06,28.983985297978478,64.85148514851484,0.26,18.07095343680709,2026.12(E),21.21291677605671,2025.12,순이익=당기순이익 대체;,1,코스닥,4.05,미분류,278,이오테크닉스,0.7664062911292447,탈락,"PEG매출>1,fPER>30",,2026-09-16
119850,49050.0,7789.0,306,0.32,60000.0,18350.0,,70000.0,7.85,지엔씨에너지,492.0,492.0,439.0,17.74259681093394,15.83130081300813,18.6,1.2674693882609553,,1.1108298536696912,0.895435987763651,0.7508782859976847,0.2700676667108484,14.861205145565334,17.83,67.41,12.490479817212496,-11.133603238866396,0.32,42.71151885830784,2026.12(E),18.81188118811881,2025.12,순이익=당기순이익 대체;,1,코스닥,3.99,AI·전력인프라,발전설비,지엔씨에너지,,탈락,"PEG매출>1,PEG영익>1",,2026-09-16
100090,12210.0,7479.0,295,,31600.0,11010.0,20.36,21875.0,4.34,SK오션플랜트,367.0,367.0,574.0,13.029616724738675,20.37874659400545,20.67,,,,1.1859235767063567,,,8.888200681325488,4.43,40.97,-33.1054485187487,-3.529411764705881,,79.15642915642916,2026.12(E),6.163248394447897,2025.12,순이익=당기순이익 대체;,1,K신재생에너지,3.95,2차전지·에너지,풍력,SK오션플랜트,,탈락,"PEG매출>1,PEG영익>1,ROE<10,이익률<10",,2026-09-16
035900,39350.0,13751.0,285,2.27,105100.0,38050.0,11.48,65632.0,13.57,JYP Ent.,1191.0,1191.0,1518.0,9.05862977602108,11.54575986565911,11.61,,,0.6869276904370701,1.3160015553229836,0.8766585483599881,,18.487394957983195,17.97,36.19,-0.09733544226792068,-2.1907216494845394,2.27,66.79034307496823,2026.12(E),18.883075799975664,2025.12,순이익=당기순이익 대체;,1,K컬처,3.94,엔터·게임·콘텐츠,엔터,JYP Ent.,,탈락,"PEG매출>1,PEG영익>1",,2026-09-16
237690,89800.0,18872.0,261,0.55,172100.0,83000.0,27.49,184385.0,12.77,에스티팜,692.0,692.0,753.0,25.062416998671978,27.271676300578033,27.21,1.051862212662992,0.7339289357361443,1.1598153260816044,0.4203657842148053,2.0067546623443087,0.8799133355303473,18.027292315058656,10.93,31.97,25.927042508290633,37.158469945355186,0.55,105.32850779510024,2026.12(E),16.55110039192041,2025.12,순이익=당기순이익 대체;,1,K바이오,3.86,바이오·헬스케어,바이오시밀러·CDMO,에스티팜,0.7339289357361443,탈락,PEG매출>1,,2026-09-16
000880,138400.0,73434.0,276,0.8,166400.0,77700.0,7.27,172667.0,21.46,한화,50880.0,50880.0,74220.0,0.9894098625707356,1.4432783018867925,7.24,0.060136247461041244,0.01827465051477616,0.04961079587843148,0.019175151098326685,0.07075519210819234,0.031753701146258195,8.003536998296203,12.52,497.35,24.000139064576786,78.9770672068292,0.8,24.75939306358381,2026.12(E),5.5450662829910655,2025.12,순이익=당기순이익 대체;,1,K신재생에너지,3.34,미분류,276,한화,0.01827465051477616,탈락,이익률<10,PER괴리,2026-09-16
277810,438000.0,82158.0,299,,979000.0,283000.0,,650000.0,5.73,레인보우로보틱스,100.0,100.0,120.0,684.65,821.58,840.98,7.592378861788619,,8.949590664866864,,12.29960202378925,,16.901408450704224,7.22,7.08,108.21114369501466,,,48.40182648401827,2026.12(E),-7.331378299120235,2025.12,순이익=당기순이익 대체;기저효과→PEG(영익)1y 산출불가,1,코스닥,3.22,로봇·산업재,로봇,레인보우로보틱스,,탈락,"PEG매출>1,PEG영익>1,ROE<10,fPER>30,전년이익률<5",기저효과,2026-09-16
071050,190000.0,104152.0,321,4.65,304000.0,135100.0,3.73,318706.0,37.9,한국금융지주,30921.0,30921.0,40614.0,2.564435908799921,3.3683257333203973,3.82,0.02911436290618412,0.04603306533626436,0.0656472814584374,0.0401024067320831,0.12859644139477824,0.04782409176167257,9.672994021959177,23.53,1025.35,115.69292256795146,73.17187566622607,4.65,67.74,2026.12(E),12.048124688561138,2025.12,순이익=당기순이익 대체;,1,Korea플러스배당,3.02,금융,증권,한국금융지주,0.04603306533626436,금융,영업이익·PEG 기준 부적합(별도 판단),,2026-09-16
086520,84000.0,111608.0,272,0.18,190000.0,45050.0,,,18.95,에코프로,,,,,,,,,,,,,,,117.92,,,0.18,,2026.12(E),6.264283621447407,2025.12,순이익=당기순이익 대체;,1,코스닥,2.97,2차전지·에너지,소재,에코프로,,보류,컨센서스 없음,,2026-09-16
064290,45500.0,6569.0,278,,54100.0,10960.0,,69000.0,1.55,인텍플러스,60.0,60.0,79.0,83.15189873417721,109.48333333333333,98.11,6.06889094650206,,8.828261649987276,,8.88458363139541,,7.452830188679245,12.52,158.56,18.04008908685968,,,51.64835164835164,2026.12(E),-4.120267260579064,2025.12,순이익=당기순이익 대체;기저효과→PEG(영익)1y 산출불가,1,코스닥,2.9,반도체,검사·계측,인텍플러스,,탈락,"PEG매출>1,PEG영익>1,이익률<10,fPER>30,전년이익률<5",기저효과,2026-09-16
039490,269000.0,70030.0,321,4.31,517000.0,233500.0,3.86,442444.0,29.93,키움증권,18246.0,18246.0,22917.0,3.0558100973076754,3.8381015016990023,3.88,0.03316217159780373,0.07108727635131866,0.04740904229866409,0.08633317169354669,0.06733420142020909,0.06449822185770976,6.204196773503637,25.0,1107.51,115.73733916608747,53.99139900551002,4.31,64.47732342007436,2026.12(E),8.691893912403557,2025.12,순이익=당기순이익 대체;,1,Korea플러스배당,2.86,금융,증권,키움증권,0.07108727635131866,금융,영업이익·PEG 기준 부적합(별도 판단),,2026-09-16
020150,40000.0,20370.0,282,,83100.0,21550.0,-52.01,56143.0,7.75,롯데에너지머티리얼즈,-414.0,-414.0,-528.0,,,-53.63,,,,,,,-5.80283547642598,-2.41,23.15,34.302583025830266,,,40.3575,2026.12(E),-21.431734317343174,2025.12,순이익=당기순이익 대체;기저효과→PEG(영익)1y 산출불가,1,K신재생에너지,2.64,미분류,282,롯데에너지머티리얼즈,,탈락,"PEG매출>1,PEG영익>1,ROE<10,이익률<10,fPER>30,전년이익률<5",기저효과,2026-09-16
456160,34100.0,5488.0,261,,248000.0,22400.0,,,6.05,지투지바이오,,,,,,,,,,,,,,,16.13,,,,,2026.12(E),-3050.0,2025.12,순이익=당기순이익 대체;기저효과→PEG(영익)1y 산출불가,1,K바이오,2.37,바이오·헬스케어,신약·플랫폼,지투지바이오,,보류,컨센서스 없음,기저효과,2026-09-16
214150,31700.0,20875.0,281,3.13,77600.0,30150.0,13.59,61313.0,68.3,클래시스,1512.0,1512.0,1925.0,10.844155844155845,13.806216931216932,13.42,0.4501388056567146,1.0754979947331542,0.3989633320565681,0.5433843093359865,0.39795090890999973,0.475502327148115,43.74005907748239,25.93,27.73,30.671021377672215,12.837045720984763,3.13,93.41640378548897,2026.12(E),50.65320665083135,2025.12,순이익=당기순이익 대체;,1,K컬처,2.19,바이오·헬스케어,미용의료·의료기기,클래시스,1.0754979947331542,탈락,PEG영익>1,,2026-09-16
024110,20450.0,161080.0,301,5.19,29900.0,18550.0,5.76,27286.0,13.67,기업은행,28113.0,28113.0,37151.0,4.335818685903475,5.729733575214314,5.81,,3.5202712701770347,,3.4322520887754813,,2.142516128945292,,7.51,1258.51,,1.6276397855345293,5.19,33.42787286063569,2026.12(E),12.51180811302931,2025.12,순이익=당기순이익 대체;,1,Korea플러스배당,2.18,금융,은행,기업은행,3.5202712701770347,금융,영업이익·PEG 기준 부적합(별도 판단),,2026-09-16
458870,23600.0,8819.0,288,,196000.0,19820.0,16.24,43750.0,4.61,씨어스,540.0,540.0,565.0,15.608849557522124,16.331481481481482,16.6,0.09730252254726916,0.06621968859406671,0.05457878479465344,,0.053013932642823815,,43.76452362509682,77.85,36.81,167.84232365145226,246.62576687116564,,85.38135593220339,2026.12(E),33.81742738589212,2025.12,순이익=당기순이익 대체;,1,K바이오,2.18,바이오·헬스케어,미용의료·의료기기,씨어스,,탈락,PEG영익>1,기저효과,2026-09-16
222800,126800.0,49632.0,282,0.08,164200.0,31200.0,25.4,176667.0,11.1,심텍,1945.0,1945.0,2560.0,19.3875,25.517737789203085,24.39,0.5310610936183221,,0.8441512679762363,,0.9782628329476134,,12.258188086573453,29.12,181.13,48.05047497518786,2051.2605042016808,0.08,39.327287066246065,2026.12(E),0.8436126471005245,2025.12,순이익=당기순이익 대체;기저효과→PEG(영익)1y 산출불가,1,코스닥,2.07,반도체,기판·PCB,심텍,,탈락,"PEG영익>1,전년이익률<5",기저효과,2026-09-16
000100,79500.0,56905.0,261,0.78,129200.0,65000.0,37.04,121563.0,21.45,유한양행,1500.0,1500.0,1289.0,44.1466252909232,37.93666666666667,37.99,5.165150394354504,1.6165665306122443,5.798953733522663,0.7127099489899326,4.693459997566167,1.21365984273121,5.491649625085207,6.91,36.35,7.344736120003659,23.46743295019158,0.78,52.90943396226415,2026.12(E),4.774535809018567,2025.12,순이익=당기순이익 대체;,1,K바이오,2.06,바이오·헬스케어,제약,유한양행,1.6165665306122443,탈락,"PEG매출>1,PEG영익>1,ROE<10,이익률<10,fPER>30,전년이익률<5",,2026-09-16
035760,37800.0,8509.0,285,,82300.0,28100.0,17.54,50897.0,22.52,CJ ENM,374.0,374.0,1324.0,6.426737160120846,22.75133689839572,17.18,10.707308827205614,,195.2306475711265,1.8113462802428748,3.62506003985995,,2.524982836219391,1.73,151.51,2.1248417567435895,-0.3762227238525262,,34.64814814814814,2026.12(E),2.588372772421852,2025.12,순이익=당기순이익 대체;기저효과→PEG(영익)1y 산출불가,1,K컬처,2.02,엔터·게임·콘텐츠,미디어·콘텐츠,CJ ENM,1.8113462802428748,탈락,"PEG매출>1,PEG영익>1,ROE<10,이익률<10,전년이익률<5","기저효과,PER괴리",2026-09-16
095340,183700.0,40677.0,278,0.44,298000.0,69700.0,45.32,220429.0,28.43,ISC,898.0,898.0,1034.0,39.3394584139265,45.297327394209354,42.89,1.0588610925907538,0.6287227197210121,1.3233945880846505,0.8724075793984154,1.4663353820966378,0.40086249283263675,32.88804071246819,15.47,15.85,42.77929155313351,72.04658901830283,0.44,19.994011976047908,2026.12(E),27.293369663941867,2025.12,순이익=당기순이익 대체;,1,코스닥,2.0,반도체,테스트·후공정,ISC,0.6287227197210121,탈락,"PEG매출>1,fPER>30",,2026-09-16
080220,70600.0,24627.0,278,,138000.0,17480.0,,,0.0,제주반도체,,,,,,,,,,,,,,,47.94,,,,,2026.12(E),11.879549966909332,2025.12,순이익=당기순이익 대체;,1,코스닥,1.89,반도체,메모리,제주반도체,,보류,컨센서스 없음,,2026-09-16
161580,31650.0,7337.0,282,,65300.0,19370.0,,,1.38,필옵틱스,,,,,,,,,,,,,,,100.09,,,,,2026.12(E),-33.75241779497099,2025.12,순이익=당기순이익 대체;기저효과→PEG(영익)1y 산출불가,1,코스닥,1.88,반도체,기판·PCB,필옵틱스,,보류,컨센서스 없음,기저효과,2026-09-16
462870,31950.0,18445.0,263,,42300.0,27500.0,13.17,43833.0,36.93,시프트업,1402.0,1402.0,1080.0,17.078703703703702,13.156205420827389,13.48,,,,,1.5617131425350612,,50.25593299208935,14.19,17.6,-27.028862478777594,-40.46306504961411,,37.19248826291079,2026.12(E),61.59592529711375,2025.12,순이익=당기순이익 대체;,1,K컬처,1.86,엔터·게임·콘텐츠,게임,시프트업,,탈락,"PEG매출>1,PEG영익>1",,2026-09-16
138930,16020.0,49371.0,301,4.57,23200.0,13650.0,6.29,23531.0,37.56,BNK금융지주,8114.0,8114.0,10035.0,4.9198804185351275,6.084668474242051,6.27,,0.5449037928272119,,0.8647437750964733,,0.7807469593934356,,7.2,1333.0,,11.166500498504494,4.57,46.88514357053683,2026.12(E),8.891406057621277,2025.12,순이익=당기순이익 대체;,1,Korea플러스배당,1.83,금융,은행,BNK금융지주,0.5449037928272119,금융,영업이익·PEG 기준 부적합(별도 판단),,2026-09-16
039200,34550.0,13142.0,261,,79600.0,27300.0,,67000.0,12.37,오스코텍,220.0,220.0,220.0,59.736363636363635,59.736363636363635,60.17,,,1.2311158198445367,,0.4074196678788204,,29.333333333333332,11.45,23.02,-24.849699398797597,-57.77351247600768,,93.9218523878437,2026.12(E),52.204408817635276,2025.12,순이익=당기순이익 대체;,1,K바이오,1.8,바이오·헬스케어,신약·플랫폼,오스코텍,,탈락,"PEG매출>1,PEG영익>1,fPER>30",,2026-09-16
067310,34050.0,23239.0,278,0.2,58500.0,17770.0,,68000.0,17.48,하나마이크론,2842.0,2842.0,4168.0,5.575575815738963,8.176988036593947,9.39,0.13072275935975985,0.03611903743594075,0.1983854664654596,0.0838230905236901,0.2204392822466391,0.0878438200532281,16.71076898404298,44.93,209.16,62.55213764337852,226.38997650743931,0.2,99.70631424375918,2026.12(E),8.322471324296142,2025.12,순이익=당기순이익 대체;,1,코스닥,1.76,반도체,테스트·후공정,하나마이크론,0.0838230905236901,통과,,기저효과,2026-09-16
084370,130200.0,32174.0,278,0.16,231500.0,56100.0,,180000.0,36.3,유진테크,1450.0,1450.0,1023.0,31.450635386119256,22.188965517241378,20.77,0.5192247575610991,0.22671334332833581,1.0268829903842411,0.7575829190996143,1.0163908425188168,0.36097676587968736,20.46,26.87,18.16,42.73479874393378,97.87234042553192,0.16,38.24884792626728,2026.12(E),14.75877819012275,2025.12,순이익=당기순이익 대체;,1,코스닥,1.74,반도체,전공정 장비,유진테크,0.22671334332833581,통과,,,2026-09-16
006800,32300.0,172409.0,321,0.94,88000.0,19850.0,6.38,53824.0,11.58,미래에셋증권,35519.0,35519.0,47817.0,3.605600518643997,4.853993637208255,6.44,0.04912966686081583,0.03242825373131071,0.07856858321378608,0.048242960791807975,0.11573315004487356,0.04438131821153673,8.213932954848019,23.36,1015.01,98.799644845132,149.68408960367606,0.94,66.63777089783282,2026.12(E),6.539971997404638,2025.12,순이익=당기순이익 대체;,1,Korea플러스배당,1.71,금융,증권,미래에셋증권,0.03242825373131071,금융,영업이익·PEG 기준 부적합(별도 판단),,2026-09-16
034020,86800.0,536790.0,299,,139200.0,57000.0,164.31,130333.0,23.37,두산에너빌리티,5372.0,5372.0,11308.0,47.46993279094446,99.92367833209234,169.11,13.195696466834379,2.0704099283859505,15.812178075034385,18.451523570853865,70.3980687900433,,6.162532153289445,4.06,129.1,7.572444439233439,48.262750753900605,,50.15322580645161,2026.12(E),4.471242063794488,2025.12,순이익=당기순이익 대체;,1,코스피,1.57,미분류,299,두산에너빌리티,2.0704099283859505,탈락,"PEG매출>1,PEG영익>1,ROE<10,이익률<10,fPER>30,전년이익률<5",PER괴리,2026-09-16
006360,38150.0,31408.0,279,1.36,44850.0,17880.0,20.78,41286.0,20.08,GS건설,1848.0,1848.0,4156.0,7.5572666025024064,16.995670995670995,21.41,,,,0.8271791854979706,,,3.801300637513606,3.11,234.2,-12.186051741725102,-5.070808588396525,1.36,8.220183486238541,2026.12(E),3.5163811313783606,2025.12,순이익=당기순이익 대체;,1,코스피,1.55,로봇·산업재,플랜트·건설,GS건설,,탈락,"PEG매출>1,PEG영익>1,ROE<10,이익률<10,전년이익률<5",,2026-09-16
089970,49650.0,13664.0,278,,122100.0,14780.0,16.68,121667.0,14.52,브이엠,816.0,816.0,952.0,14.352941176470589,16.745098039215687,15.72,0.13944591446728632,0.05866722291753581,0.14868983864879154,,0.12845981611995486,,29.955947136563875,37.91,40.37,120.08310249307482,285.4251012145749,,145.04934541792548,2026.12(E),17.105263157894736,2025.12,순이익=당기순이익 대체;,1,코스닥,1.55,반도체,전공정 장비,브이엠,,탈락,PEG영익>1,기저효과,2026-09-16
016360,86500.0,76441.0,321,4.67,172000.0,70700.0,4.51,149722.0,26.79,삼성증권,16965.0,16965.0,23117.0,3.3067006964571526,4.505806071323312,4.58,0.05210775403080163,0.06622475867862693,0.10355255112163309,0.11715198340240145,0.15987021006202637,0.09771510474054286,8.334805574083754,19.7,887.64,86.4709323042376,68.0380896997892,4.67,73.08901734104045,2026.12(E),9.249087327466231,2025.12,순이익=당기순이익 대체;,1,Korea플러스배당,1.54,금융,증권,삼성증권,0.06622475867862693,금융,영업이익·PEG 기준 부적합(별도 판단),,2026-09-16
131970,75600.0,15172.0,278,0.2,196900.0,38200.0,43.04,151500.0,9.74,두산테스나,353.0,353.0,384.0,39.510416666666664,42.98016997167139,40.79,3.8080681208136844,,,65.37213438812682,,,11.354228267297458,7.78,61.02,11.286607436656793,,0.2,100.39682539682539,2026.12(E),-0.29615004935834155,2025.12,순이익=당기순이익 대체;기저효과→PEG(영익)1y 산출불가,1,코스닥,1.54,반도체,테스트·후공정,두산테스나,65.37213438812682,탈락,"PEG매출>1,PEG영익>1,ROE<10,fPER>30,전년이익률<5",기저효과,2026-09-16
003530,4750.0,9848.0,321,,10300.0,3515.0,,,6.42,한화투자증권,,,,,,,,,,,,,,,739.27,,,,,2026.12(E),4.772830091126479,2025.12,순이익=당기순이익 대체;,1,Korea플러스배당,1.51,금융,증권,한화투자증권,,금융,영업이익·PEG 기준 부적합(별도 판단),,2026-09-16
005940,25950.0,93778.0,321,5.12,44350.0,18890.0,5.69,41118.0,13.55,NH투자증권,17139.0,17139.0,23238.0,4.035545227644375,5.471614446583815,5.79,0.037274404068977585,0.08606040171409396,0.06548468526407439,0.09030866633034633,0.11334651344492574,0.11546540151708717,6.873541391213296,16.71,783.5,146.79280818167882,63.578769533999726,5.12,58.45086705202311,2026.12(E),10.370175707538563,2025.12,순이익=당기순이익 대체;,1,Korea플러스배당,1.49,금융,증권,NH투자증권,0.08606040171409396,금융,영업이익·PEG 기준 부적합(별도 판단),,2026-09-16
059090,19700.0,6613.0,278,,29900.0,11300.0,,,22.5,미코,,,,,,,,,,,,,,,228.63,,,,,2026.12(E),10.337768679631525,2025.12,순이익=당기순이익 대체;,1,코스닥,1.44,반도체,소재·부품,미코,,보류,컨센서스 없음,,2026-09-16
051910,270500.0,191305.0,272,0.74,437500.0,224000.0,-51.22,376583.0,36.71,LG화학,-2460.0,-2460.0,12713.0,15.047982380240699,,-51.31,,,,,,,2.2694045423792955,-1.27,114.54,21.960411214790486,7.655178253874162,0.74,39.217375231053595,2026.12(E),2.5709632893699843,2025.12,순이익=당기순이익 대체;기저효과→PEG(영익)1y 산출불가,1,K신재생에너지,1.41,2차전지·에너지,소재,LG화학,,탈락,"PEG매출>1,PEG영익>1,ROE<10,이익률<10,fPER>30,전년이익률<5",기저효과,2026-09-16
247540,107000.0,101841.0,283,0.1,260000.0,88200.0,733.1,172386.0,14.93,에코프로비엠,288.0,288.0,812.0,125.41995073891626,353.6145833333333,752.22,221.03967386831164,,,,,,3.1569534621515496,0.83,142.16,1.5997787960183363,-43.33565945568737,0.1,61.10841121495327,2026.12(E),5.660451888133986,2025.12,순이익=당기순이익 대체;,1,코스닥,1.41,2차전지·에너지,소재,에코프로비엠,,탈락,"PEG매출>1,PEG영익>1,ROE<10,이익률<10,fPER>30",PER괴리,2026-09-16
267260,709000.0,254853.0,306,1.0,1449000.0,538000.0,26.73,1181000.0,34.39,HD현대일렉트릭,9526.0,9526.0,12327.0,20.674373326843515,26.75341171530548,26.46,1.7836336508022337,1.1216373496311514,1.420668694874841,0.7485055470814115,1.325787693336293,0.4648568948642416,26.275738585496867,40.28,134.63,14.999387179801449,23.852104892997094,1.0,66.57263751763047,2026.12(E),24.39759774482167,2025.12,순이익=당기순이익 대체;,1,코리아밸류업,1.39,AI·전력인프라,변압기·전력기기,HD현대일렉트릭,1.1216373496311514,탈락,"PEG매출>1,PEG영익>1",,2026-09-16
010140,20950.0,177760.0,291,,35900.0,18440.0,19.2,38300.0,28.51,삼성중공업,9144.0,9144.0,13715.0,12.96099161502005,19.440069991251093,19.68,0.9610395274883913,0.3291032465434261,1.4181194084418298,0.2982764351200593,1.1483955424430092,0.24155413233849649,10.71124544098467,19.96,265.05,20.228169014084507,59.069821387149155,,82.81622911694511,2026.12(E),8.095774647887325,2025.12,순이익=당기순이익 대체;,1,K신재생에너지,1.38,조선·방산·우주,조선,삼성중공업,0.3291032465434261,통과,,,2026-09-16
140860,253500.0,17751.0,282,0.2,351500.0,205000.0,37.7,358571.0,40.05,파크시스템스,472.0,472.0,507.0,35.01183431952663,37.608050847457626,37.85,2.05098547857753,1.8671291126620149,2.103746430946348,2.548743173841461,1.9914979640170587,1.6736324477932678,20.838471023427868,17.42,55.44,18.336575875486382,20.14218009478672,0.2,41.448126232741615,2026.12(E),20.525291828793772,2025.12,순이익=당기순이익 대체;,1,코스닥,1.33,반도체,검사·계측,파크시스템스,1.8671291126620149,탈락,"PEG매출>1,PEG영익>1,fPER>30",,2026-09-16
950260,15130.0,7758.0,286,,21100.0,9900.0,,,0.59,인제니아테라퓨틱스(Reg.S),,,,,,,,,,,,,,,44.73,,,,,2026.12(E),,2025.12,순이익=당기순이익 대체;기저효과→PEG(영익)1y 산출불가,1,K바이오,1.29,미분류,286,인제니아테라퓨틱스(Reg.S),,보류,컨센서스 없음,기저효과,2026-09-16
003470,4740.0,8931.0,321,4.75,8400.0,3535.0,,,68.68,유안타증권,,,,,,,,,,,,,,,950.93,,,4.75,,2026.12(E),2.87175338745558,2025.12,순이익=당기순이익 대체;기저효과→PEG(영익)1y 산출불가,1,Korea플러스배당,1.26,금융,증권,유안타증권,,금융,영업이익·PEG 기준 부적합(별도 판단),기저효과,2026-09-16
356860,37700.0,9030.0,278,0.54,143200.0,19600.0,18.19,58800.0,6.01,티엘비,468.0,468.0,577.0,15.649913344887349,19.294871794871796,17.78,0.4394470800858467,0.15825446898002102,0.4409343531453202,0.06185170888161304,0.6541157456664871,0.11489963464165441,15.510752688172044,25.62,95.41,43.90715667311411,121.92307692307693,0.54,55.96816976127321,2026.12(E),10.058027079303674,2025.12,순이익=당기순이익 대체;,1,코스닥,1.25,반도체,기판·PCB,티엘비,0.15825446898002102,통과,,,2026-09-16
389470,25550.0,3260.0,261,,103600.0,22650.0,,,11.71,인벤티지랩,,,,,,,,,,,,,,,36.85,,,,,2026.12(E),-979.3103448275862,2025.12,순이익=당기순이익 대체;기저효과→PEG(영익)1y 산출불가,1,K바이오,1.21,바이오·헬스케어,신약·플랫폼,인벤티지랩,,보류,컨센서스 없음,기저효과,2026-09-16
253450,21900.0,6478.0,285,,52300.0,19000.0,18.16,36083.0,9.09,스튜디오드래곤,347.0,347.0,474.0,13.666666666666666,18.6685878962536,18.5,1.8279371949339074,0.3338382776741821,5.993974953068258,1.3227110830477231,,,8.103949393058643,4.37,29.27,10.212926323723392,55.92105263157894,,64.76255707762557,2026.12(E),5.728283399283965,2025.12,순이익=당기순이익 대체;,1,K컬처,1.18,엔터·게임·콘텐츠,미디어·콘텐츠,스튜디오드래곤,0.3338382776741821,탈락,"PEG매출>1,ROE<10,이익률<10",,2026-09-16
082920,27000.0,12594.0,283,0.93,67800.0,16420.0,16.31,40000.0,28.46,비츠로셀,774.0,774.0,896.0,14.055803571428571,16.271317829457363,15.61,0.6161304305827234,0.5554691259021649,0.7845926192135246,0.5183198869280933,0.7987815163937416,0.48642073281388,29.157175398633257,21.33,12.21,26.408885232414647,29.292929292929305,0.93,48.14814814814814,2026.12(E),28.50678733031674,2025.12,순이익=당기순이익 대체;,1,코스닥,1.07,2차전지·에너지,셀,비츠로셀,0.5554691259021649,통과,,,2026-09-16
483650,163400.0,20054.0,266,1.64,283000.0,116100.0,15.31,300882.0,43.29,달바글로벌,1306.0,1306.0,1643.0,12.205721241631162,15.355283307810108,15.6,0.3382848976290341,0.2481785439080774,0.27250083362009037,0.2335205685814212,0.2764713489125675,0.21385282199258018,21.744309158284807,53.99,28.6,45.39157206080431,61.87192118226601,1.64,84.13831089351285,2026.12(E),19.530498364441023,2025.12,순이익=당기순이익 대체;,1,K컬처,1.01,화장품·뷰티,브랜드·디바이스,달바글로벌,0.2481785439080774,통과,,,2026-09-16
100790,16130.0,8712.0,277,,70700.0,7290.0,,,4.39,미래에셋벤처투자,,,,,,,,,,,,,,,190.79,,,,,2026.12(E),14.637197664720599,2025.12,순이익=당기순이익 대체;,1,코스닥,0.98,금융,증권,미래에셋벤처투자,,금융,영업이익·PEG 기준 부적합(별도 판단),,2026-09-16
088350,5960.0,50722.0,330,,7560.0,2930.0,4.49,6327.0,8.91,한화생명,,,17330.0,2.9268320830929024,,4.58,,,,,,,,,974.0,,51.05029198988931,,6.157718120805367,2026.12(E),4.181671064716945,2025.12,순이익=당기순이익 대체;,1,코스피,0.97,미분류,330,한화생명,,보류,컨센서스 없음,,2026-09-16
171090,70200.0,7099.0,269,1.43,144000.0,38650.0,,112000.0,2.08,선익시스템,854.0,854.0,952.0,7.456932773109243,8.312646370023419,7.88,,,0.08976936366727557,0.03363534485157796,0.09379200072710128,,22.7316141356256,42.89,154.25,-18.805738658394723,-14.618834080717491,1.43,59.54415954415955,2026.12(E),21.61690577743311,2025.12,순이익=당기순이익 대체;,1,코스닥,0.94,미분류,269,선익시스템,,탈락,"PEG매출>1,PEG영익>1",,2026-09-16
267250,226000.0,170230.0,291,1.86,336000.0,148100.0,4.33,330000.0,26.8,HD현대,92670.0,92670.0,123888.0,1.374063670411985,1.836948311211827,4.52,0.09688891770572677,0.017815699801354164,0.1550851875188853,0.017699457165515544,0.16125324457316426,0.022213119106730392,14.61465594428198,34.88,159.39,18.959323261211857,103.10840055085579,1.86,46.01769911504425,2026.12(E),8.559712823852012,2025.12,순이익=당기순이익 대체;,1,코리아밸류업,0.93,미분류,291,HD현대,0.017815699801354164,통과,,PER괴리,2026-09-16
124500,30100.0,6671.0,267,,75500.0,16000.0,,54000.0,2.11,아이티센글로벌,2091.0,2091.0,2927.0,2.2791253843525796,3.190339550454328,13.73,0.1938282589149391,0.6976375313845056,0.07202581258115112,0.02583432089629481,0.05881210505250398,0.028356679364344484,2.833247829327551,34.17,212.5,16.45962032736619,4.573061807788492,,79.40199335548172,2026.12(E),3.155296027415791,2025.12,순이익=당기순이익 대체;,1,코스닥,0.92,미분류,267,아이티센글로벌,0.6976375313845056,탈락,"이익률<10,전년이익률<5",PER괴리,2026-09-16
393890,10000.0,3283.0,283,,21350.0,5520.0,,,1.72,더블유씨피,,,,,,,,,,,,,,,117.49,,,,,2026.12(E),-115.1624548736462,2025.12,순이익=당기순이익 대체;기저효과→PEG(영익)1y 산출불가,1,코스닥,0.91,2차전지·에너지,소재,더블유씨피,,보류,컨센서스 없음,기저효과,2026-09-16
005387,174800.0,59893.0,273,5.9,332000.0,164500.0,4.53,697600.0,53.97,현대차2우B,110358.0,110358.0,114487.0,0.5231423655087477,0.5427155258341035,9.71,0.1321193701479149,,0.10449738998319066,,0.08998649542065837,,5.904270845474134,8.38,188.95,4.1077665237618355,-0.16742385266701465,5.9,299.0846681922197,2026.12(E),6.157112982505121,2025.12,순이익=당기순이익 대체;,1,Korea플러스배당,0.89,자동차,완성차,현대차2우B,,탈락,"PEG영익>1,ROE<10,이익률<10",PER괴리,2026-09-16
417200,12410.0,8632.0,283,0.17,32725.0,8700.0,,,9.46,LS머트리얼즈,,,,,,,,,,,,,,,33.22,,,0.17,,2026.12(E),-0.06510416666666666,2025.12,순이익=당기순이익 대체;기저효과→PEG(영익)1y 산출불가,1,코스닥,0.85,AI·전력인프라,전선·케이블,LS머트리얼즈,,보류,컨센서스 없음,기저효과,2026-09-16
033790,7530.0,6474.0,283,,19150.0,3445.0,,,38.98,피노,,,,,,,,,,,,,,,66.55,,,,,2026.12(E),3.3232628398791544,2025.12,순이익=당기순이익 대체;,1,코스닥,0.83,미분류,283,피노,,보류,컨센서스 없음,,2026-09-16
420770,100500.0,13411.0,278,0.76,206000.0,29800.0,40.96,191250.0,7.31,기가비스,328.0,328.0,347.0,38.648414985590776,40.88719512195122,38.21,0.43282606553338265,0.21890931901575655,0.41896544026516924,,11.076392318484801,,34.052993130520115,14.73,13.4,94.46564885496183,186.77685950413223,0.76,90.29850746268657,2026.12(E),23.091603053435115,2025.12,순이익=당기순이익 대체;,1,코스닥,0.82,반도체,검사·계측,기가비스,,탈락,"PEG영익>1,fPER>30",기저효과,2026-09-16
397030,17210.0,4872.0,261,,76700.0,16450.0,,60000.0,9.75,에이프릴바이오,-60.0,-60.0,-50.0,,,-78.38,,,,,,,-62.5,-6.55,0.83,263.6363636363636,,,248.6345148169669,2026.12(E),-331.8181818181818,2025.12,순이익=당기순이익 대체;기저효과→PEG(영익)1y 산출불가,1,K바이오,0.77,바이오·헬스케어,신약·플랫폼,에이프릴바이오,,탈락,"PEG매출>1,PEG영익>1,ROE<10,이익률<10,fPER>30,전년이익률<5",기저효과,2026-09-16
000990,119800.0,54381.0,278,0.65,241000.0,52400.0,,205000.0,24.58,DB하이텍,4050.0,4050.0,4165.0,13.056662665066026,13.427407407407408,12.69,0.7726842516321927,0.26748707428693064,0.657976088263962,0.2812206261780915,1.0808711476507427,0.8284158177246643,25.396341463414636,17.14,33.36,17.37761236759232,50.19834114677244,0.65,71.11853088480802,2026.12(E),19.846836530203262,2025.12,순이익=당기순이익 대체;,1,코리아밸류업,0.74,미분류,278,DB하이텍,0.26748707428693064,통과,,,2026-09-16
295310,52700.0,6562.0,322,,144700.0,16800.0,,83500.0,4.74,에이치브이엠,87.0,87.0,164.0,40.01219512195122,75.42528735632185,73.51,1.235414189456996,0.4127044025157233,1.394147778366272,,2.0294051095718197,1.1736442867650518,15.31279178338002,8.98,92.29,61.052631578947356,182.75862068965517,,58.44402277039848,2026.12(E),8.721804511278195,2025.12,순이익=당기순이익 대체;,1,코스닥,0.72,반도체,소재·부품,에이치브이엠,,탈락,"PEG매출>1,PEG영익>1,ROE<10,fPER>30",기저효과,2026-09-16
011070,513000.0,121886.0,282,0.37,1814000.0,173200.0,13.08,1125789.0,26.77,LG이노텍,9315.0,9315.0,12757.0,9.554440699223955,13.08491680085883,12.86,0.7951466411946977,0.14248353811316722,1.3529592602555103,0.38012699885966844,1.7772046967362516,0.8514588872806547,5.002764716724379,14.89,107.02,16.455979467131886,91.83458646616542,0.37,119.4520467836257,2026.12(E),3.0370011782651187,2025.12,순이익=당기순이익 대체;,1,코리아밸류업,0.67,반도체,전자부품,LG이노텍,0.14248353811316722,탈락,"이익률<10,전년이익률<5",,2026-09-16
440110,61500.0,29716.0,278,,129400.0,18050.0,,115000.0,25.39,파두,490.0,490.0,880.0,33.768181818181816,60.64489795918367,62.87,0.19131405160220455,,0.30688401877182303,,0.3844268858919139,,22.839345964183753,109.5,518.5,316.991341991342,,,86.99186991869918,2026.12(E),-70.88744588744589,2025.12,순이익=당기순이익 대체;기저효과→PEG(영익)1y 산출불가,1,코스닥,0.66,반도체,팹리스,파두,,탈락,"PEG영익>1,fPER>30,전년이익률<5",기저효과,2026-09-16
138080,23900.0,3193.0,294,,57900.0,9960.0,,47500.0,3.29,오이솔루션,1.0,1.0,8.0,399.125,3193.0,5816.16,89.8422549019608,,57.094668542556505,,166.78437860841137,,1.0282776349614395,0.07,86.09,35.540069686411144,,,98.74476987447697,2026.12(E),-27.874564459930312,2025.12,순이익=당기순이익 대체;기저효과→PEG(영익)1y 산출불가,1,코스닥,0.65,AI·전력인프라,광통신,오이솔루션,,탈락,"PEG매출>1,PEG영익>1,ROE<10,이익률<10,fPER>30,전년이익률<5","기저효과,PER괴리",2026-09-16
327260,45850.0,7960.0,284,,126600.0,11900.0,61.29,68000.0,9.79,RF머트리얼즈,163.0,163.0,181.0,43.97790055248619,48.83435582822086,62.71,0.8460222185375559,0.33773292815778905,0.9626598588075715,,1.7271840517466814,,17.903066271018794,20.43,48.39,57.7223088923557,144.5945945945946,,48.30970556161396,2026.12(E),11.54446177847114,2025.12,순이익=당기순이익 대체;,1,코스닥,0.64,AI·전력인프라,RF·통신부품,RF머트리얼즈,0.33773292815778905,탈락,fPER>30,,2026-09-16
452280,10770.0,2502.0,299,,37300.0,7840.0,,,3.22,한선엔지니어링,,,,,,,,,,,,,,,105.7,,,,,2026.12(E),15.50632911392405,2025.12,순이익=당기순이익 대체;,1,코스닥,0.63,반도체,소재·부품,한선엔지니어링,,보류,컨센서스 없음,,2026-09-16
099320,72600.0,8181.0,284,0.13,231000.0,42500.0,,140000.0,11.27,쎄트렉아이,137.0,137.0,183.0,44.704918032786885,59.715328467153284,75.66,3.2513424894352667,0.751970802919708,3.0516507339277914,,2.3889687639755124,,7.472437729685585,4.12,73.42,18.366360560657323,79.41176470588236,0.13,92.83746556473828,2026.12(E),4.9299178347027555,2025.12,순이익=당기순이익 대체;,1,코스닥,0.6,조선·방산·우주,우주·위성,쎄트렉아이,0.751970802919708,탈락,"PEG매출>1,ROE<10,이익률<10,fPER>30,전년이익률<5",,2026-09-16
001820,144000.0,14958.0,283,0.35,196800.0,27750.0,,127000.0,5.72,삼화콘덴서,280.0,280.0,299.0,50.02675585284281,53.42142857142857,53.19,4.753054596460936,0.4053743697478991,10.061870565302973,1.8044033986977224,10.131779588894277,6.632886171830151,9.126984126984127,9.63,21.69,11.239388794567073,131.78294573643413,0.35,-11.805555555555557,2026.12(E),4.380305602716469,2025.12,순이익=당기순이익 대체;,1,코스피,0.58,미분류,283,삼화콘덴서,0.4053743697478991,탈락,"PEG매출>1,ROE<10,이익률<10,fPER>30,전년이익률<5",,2026-09-16
010170,14320.0,25033.0,294,,31500.0,1272.0,,,1.95,대한광통신,29.0,29.0,37.0,676.5675675675676,863.2068965517242,793.82,18.801725215517237,,56.00393526962934,,210.52582267132354,,1.8190757128810224,3.47,228.6,45.911047345767585,,,,2026.12(E),-15.351506456241031,2025.12,순이익=당기순이익 대체;기저효과→PEG(영익)1y 산출불가,1,코스닥,0.58,AI·전력인프라,광통신,대한광통신,,탈락,"PEG매출>1,PEG영익>1,ROE<10,이익률<10,fPER>30,전년이익률<5",기저효과,2026-09-16
080580,21550.0,4661.0,278,,27500.0,7340.0,,28000.0,7.8,오킨스전자,248.0,248.0,300.0,15.536666666666667,18.794354838709676,18.21,0.33286812322217507,0.11037954429083462,0.38506425538115463,0.06320410731086695,0.5020867088391461,,20.31144211238998,38.19,88.77,56.46186440677967,170.27027027027026,,29.930394431554518,2026.12(E),11.758474576271187,2025.12,순이익=당기순이익 대체;,1,코스닥,0.58,반도체,테스트·후공정,오킨스전자,0.06320410731086695,통과,,기저효과,2026-09-16
347700,20150.0,10491.0,284,,57300.0,7050.0,,50000.0,8.91,스피어,181.0,181.0,142.0,73.88028169014085,57.96132596685083,21.92,0.31772378224948045,1.0342118947026324,0.7449211241001752,,0.13126796891681475,,5.2592592592592595,50.93,49.85,182.42677824267784,56.043956043956044,,148.13895781637717,2026.12(E),9.518828451882845,2025.12,순이익=당기순이익 대체;,1,코스닥,0.55,AI·전력인프라,데이터센터 부품,스피어,1.0342118947026324,탈락,"PEG영익>1,이익률<10,fPER>30",PER괴리,2026-09-16
375500,88500.0,33741.0,279,1.02,106600.0,38450.0,7.57,94474.0,23.77,DL이앤씨,4959.0,4959.0,5745.0,5.873107049608355,6.80399274047187,7.76,,0.1404344101633394,,0.14912359327674568,,0.336612336774164,8.141314514071933,9.05,84.38,-4.671457905544152,48.44961240310077,1.02,6.750282485875703,2026.12(E),5.228034151086134,2025.12,순이익=당기순이익 대체;,1,코스피,0.55,미분류,279,DL이앤씨,0.1404344101633394,탈락,"PEG매출>1,ROE<10,이익률<10",,2026-09-16
189300,63800.0,7055.0,294,0.3,180200.0,39000.0,16.38,131400.0,22.28,인텔리안테크,430.0,430.0,368.0,19.171195652173914,16.406976744186046,15.85,0.6379160301024158,0.07938859714928731,0.6604317954207246,,1.704900051184683,0.32204699211850496,9.158785465405675,14.95,86.45,25.71964956195245,206.66666666666669,0.3,105.95611285266457,2026.12(E),3.754693366708386,2025.12,순이익=당기순이익 대체;,1,코스닥,0.53,조선·방산·우주,우주·위성,인텔리안테크,,탈락,"PEG영익>1,이익률<10,전년이익률<5",기저효과,2026-09-16
448900,55200.0,3147.0,270,,178400.0,13590.0,,,2.37,한국피아이엠,,,,,,,,,,,,,,,50.76,,,,,2026.12(E),4.0650406504065035,2025.12,순이익=당기순이익 대체;,1,코스닥,0.49,반도체,소재·부품,한국피아이엠,,보류,컨센서스 없음,,2026-09-16
139130,18310.0,29218.0,301,3.79,22750.0,13050.0,6.13,24133.0,45.13,iM금융지주,4929.0,4929.0,6314.0,4.62749445676275,5.927774396429296,6.08,,0.7172361053936862,,0.1081194095731061,,1.0356198883342507,,7.56,1435.88,,8.264746227709185,3.79,31.802293828509008,2026.12(E),7.252829250093272,2025.12,순이익=당기순이익 대체;,1,Korea플러스배당,0.44,금융,은행,iM금융지주,0.7172361053936862,금융,영업이익·PEG 기준 부적합(별도 판단),,2026-09-16
089010,22150.0,3673.0,282,1.01,48900.0,15690.0,,34000.0,7.42,켐트로닉스,340.0,340.0,440.0,8.347727272727273,10.802941176470588,10.78,0.47660034602076146,0.1204943438914027,0.650828141726696,1.2546201587327983,0.8324848035665388,0.3368478271359438,5.626598465473146,13.88,197.67,22.666666666666657,89.65517241379311,1.01,53.49887133182845,2026.12(E),3.6392156862745098,2025.12,순이익=당기순이익 대체;,1,코스닥,0.4,반도체,기판·PCB,켐트로닉스,0.1204943438914027,탈락,"이익률<10,전년이익률<5",,2026-09-16
443060,233000.0,106031.0,291,1.67,290500.0,158000.0,29.96,326800.0,30.38,HD현대마린솔루션,3539.0,3539.0,4184.0,25.342017208413,29.960723368183103,29.39,1.5828171122327903,1.5357612373647,1.8461995299807805,1.2434896594157985,1.6527534844968417,1.086440868874015,17.743850720949958,38.67,54.27,18.928733545165688,19.50871179662954,1.67,40.25751072961374,2026.12(E),17.657739446209714,2025.12,순이익=당기순이익 대체;,1,코리아밸류업,0.39,미분류,291,HD현대마린솔루션,1.5357612373647,탈락,"PEG매출>1,PEG영익>1",,2026-09-16
042700,225000.0,215406.0,278,0.35,426000.0,89400.0,,380000.0,7.1,한미반도체,3457.0,3457.0,3822.0,56.35949764521193,62.31009545849002,61.34,1.4793837814290325,1.1976114677572167,2.9534841075561222,2.7903532039910597,0.856573187331339,0.5077865872007903,46.63250366032211,42.53,17.82,42.11895266169585,52.02863961813841,0.35,68.88888888888889,2026.12(E),43.59285590428299,2025.12,순이익=당기순이익 대체;,1,코리아밸류업,0.31,반도체,후공정 장비,한미반도체,1.1976114677572167,탈락,"PEG매출>1,PEG영익>1,fPER>30",,2026-09-16
052690,148200.0,51750.0,325,1.0,198000.0,77100.0,91.36,176667.0,11.97,한전기술,570.0,570.0,635.0,81.49606299212599,90.78947368421052,97.02,8.410996240601495,1.151080827067669,195.56461407372467,,50.886426091192526,2.9808524475072686,11.0473208072373,9.05,41.7,10.79414032382422,78.87323943661973,1.0,19.208502024291498,2026.12(E),6.842713955281418,2025.12,순이익=당기순이익 대체;,1,코리아밸류업,0.3,미분류,325,한전기술,1.151080827067669,탈락,"PEG매출>1,PEG영익>1,ROE<10,fPER>30",,2026-09-16
460860,10380.0,4941.0,304,4.02,18070.0,7760.0,11.96,14500.0,26.62,동국제강,413.0,413.0,1235.0,4.00080971659919,11.963680387409202,12.42,0.6702422831938901,,3.466303222604311,1.224916288814893,0.936497504871366,,3.271349862258953,2.18,119.4,17.8497846038584,107.91245791245791,4.02,39.69171483622351,2026.12(E),1.8542798276830867,2025.12,순이익=당기순이익 대체;기저효과→PEG(영익)1y 산출불가,1,코리아밸류업,0.18,미분류,304,동국제강,1.224916288814893,탈락,"PEG영익>1,ROE<10,이익률<10,전년이익률<5",기저효과,2026-09-16
011780,122500.0,30440.0,272,1.41,168700.0,102800.0,6.25,175750.0,28.55,금호석유화학,5481.0,5481.0,5425.0,5.611059907834101,5.55373107097245,6.33,0.37105899254958064,0.0557629887362509,1.0265831709759312,0.13539405003784474,0.6999259989649719,0.37641802474502256,6.823813536936642,8.44,35.67,14.967245592977685,99.5952906548933,1.41,43.46938775510205,2026.12(E),3.9305288426776186,2025.12,순이익=당기순이익 대체;,1,코리아밸류업,0.15,미분류,272,금호석유화학,0.0557629887362509,탈락,"ROE<10,이익률<10,전년이익률<5",,2026-09-16
