종목코드,기업,현재가,시총(억),네이버업종,순이익(E),영업이익(E),fPOR,fPER,fPER(사이트),PEG(매출)1y,PEG(영익)1y,PEG(매출)2y,PEG(영익)2y,PEG(매출)3y,PEG(영익)3y,PEG(영익)fwd,영익증가율fwd,영업이익률(E),ROE(E),매출증가율1y,영익증가율1y,배당수익률,추정연도,전년영업이익률,전년도,비고,보유ETF수,보유ETF,최대비중,섹터1,섹터2,종목명,유효PEG,Type,탈락조건,플래그,기준일
005930,삼성전자,257000.0,15024936.02256,반도체와반도체장비,3260180.0,3917860.0,3.834985431475346,4.608621616769627,5.34,0.037975035474391405,0.005771084656512271,0.08132913575678474,0.018734119261305363,0.11022222052496514,0.015851051510102746,,,53.0539258667443,56.36,121.35924454573495,798.5711336895943,1.39,2026.12(E),13.069612977468323,2025.12,,5,"Korea플러스배당,K신재생에너지,K이노베이션,코리아밸류업,코스피",26.35,반도체,메모리,삼성전자,0.018734119261305363,통과,,기저효과(2y),2026-08-29
214450,파마리서치,461500.0,47948.22552,건강관리장비와용품,2231.0,2712.0,17.680024159292035,21.49180883908561,24.09,0.7185821122444896,0.8112401082922455,0.5233293779718999,0.46068585072528917,0.5550752665543535,0.49716802102683155,,,38.926367159466054,28.57,29.90863322767108,26.49253731343284,0.92,2026.12(E),39.97762446391945,2025.12,,5,"K바이오,K이노베이션,K컬처,코리아밸류업,코스닥",8.84,바이오·헬스케어,미용의료·의료기기,파마리서치,0.8112401082922455,통과,,,2026-08-29
009150,삼성전기,1421000.0,1061397.42016,전자장비와기기,15996.0,19307.0,54.97474595535298,66.35392724181045,71.72,2.495136128742943,0.595646174070626,3.69486878511785,1.0689463611407986,3.852863431272023,1.5437692006685328,,,13.47934149713057,14.94,26.59330947014893,111.39822621263549,0.92,2026.12(E),8.071943081886076,2025.12,,5,"Korea플러스배당,K신재생에너지,K이노베이션,코리아밸류업,코스피",4.05,반도체,전자부품,삼성전기,0.595646174070626,탈락,"PEG매출>1,fPER>30",,2026-08-29
000660,SK하이닉스,1653000.0,12075038.79345,반도체와반도체장비,2532488.0,2666476.0,4.528463332672036,4.768053705861587,4.73,0.01862808247447586,0.010257056153741973,0.037086840492669734,0.020111298780290512,0.0399503174276876,,,,77.10948314926466,101.7,255.96052156172058,464.8559620220182,0.46,2026.12(E),48.59279831430198,2025.12,,4,"Korea플러스배당,K신재생에너지,코리아밸류업,코스피",23.37,반도체,메모리,SK하이닉스,0.020111298780290512,통과,,기저효과(2y),2026-08-29
003230,삼양식품,1547000.0,116535.74205,식품,5656.0,7338.0,15.881131377759608,20.603914789603962,20.6,0.615239801957727,0.515294471980458,0.592269540072923,0.44863770028445704,0.5412947270930796,0.291381400332628,,,23.37389310059247,37.37,33.48924228250703,39.98473864937046,0.39,2026.12(E),22.28931031550302,2025.12,,4,"Korea플러스배당,K컬처,코리아밸류업,코스피",8.39,소비재·식품,음식료,삼양식품,0.515294471980458,통과,,,2026-08-29
005380,현대차,399500.0,818007.27517,자동차,110612.0,114811.0,7.124816221180898,7.395285097186562,10.54,1.7634848709256936,64.24878027729267,1.4121449307916099,,1.2203044691877707,,,,5.916104484472228,8.39,4.193563108542353,0.11510389870856841,3.37,2026.12(E),6.157112982505121,2025.12,,4,"Korea플러스배당,K신재생에너지,코리아밸류업,코스피",4.08,자동차,완성차,현대차,64.24878027729267,탈락,"PEG매출>1,PEG영익>1,ROE<10,이익률<10",,2026-08-29
017670,SK텔레콤,98600.0,211782.992258,무선통신서비스,13392.0,19622.0,10.793139958108247,15.81414219369773,15.79,4.805565669068344,0.1909081822528279,,4.23259282179109,156.5981040077651,4.1339003707015465,,,11.10978999994338,10.04,3.290797230279785,82.83637718971302,3.1,2026.12(E),6.27631702067933,2025.12,,4,"Korea플러스배당,K이노베이션,코리아밸류업,코스피",3.43,인터넷·통신,통신,SK텔레콤,0.1909081822528279,탈락,PEG매출>1,,2026-08-29
034730,SK,543000.0,393689.67729,석유와가스,329475.0,118212.0,3.330369821084154,1.1948999993626224,3.47,0.05954206742599452,,0.1289554591665323,0.00978464990275736,0.2607699877720419,0.03368041621890506,,,8.023751150497258,36.7,20.06816442589563,550.0522408578499,3.12,2026.12(E),1.4820302306457935,2025.12,기저효과→PEG(영익)fwd 기준,4,"Korea플러스배당,K신재생에너지,코리아밸류업,코스피",3.17,지주·소재,지주,SK,0.00978464990275736,탈락,"이익률<10,전년이익률<5","기저효과(2y),비지배괴리",2026-08-29
006400,삼성SDI,571000.0,460143.3763,전기제품,9192.0,3522.0,130.6483180863146,50.059114044821584,67.47,2.4795372173627346,,,,,,,,2.208829044659488,3.13,20.188893997753766,,,2026.12(E),-12.982881952557909,2025.12,기저효과→PEG(영익)fwd 기준,3,"K신재생에너지,K이노베이션,코스피",15.01,2차전지·에너지,셀,삼성SDI,,탈락,"PEG매출>1,PEG산출불가,ROE<10,이익률<10,fPER>30,전년이익률<5",기저효과(2y),2026-08-29
257720,실리콘투,53300.0,34952.142316,인터넷과카탈로그소매,2495.0,2956.0,11.824134748308524,14.008874675751501,14.43,0.31617684594705625,0.3190047514855165,0.2661796359023543,0.30081784093063013,0.20759555498702387,0.1676667737124437,,,18.349990688435035,43.09,44.307085908805874,43.914313534566695,0.79,2026.12(E),18.400071665322944,2025.12,,3,"K컬처,코리아밸류업,코스닥",10.49,화장품·뷰티,유통,실리콘투,0.3190047514855165,통과,,,2026-08-29
196170,알테오젠,320000.0,222896.4256,생물공학,2751.0,2642.0,84.36655018925056,81.0237824790985,82.41,0.794776675930821,0.5506320627473382,0.765510996488918,0.36412773299397155,1.2404540787538585,,,,60.59633027522936,47.58,101.9453450671607,147.1468662301216,0.08,2026.12(E),49.51366373320982,2025.12,,3,"K바이오,K이노베이션,코스닥",10.2,바이오·헬스케어,신약·플랫폼,알테오젠,0.5506320627473382,탈락,fPER>30,,2026-08-29
009830,한화솔루션,33750.0,75901.2309,에너지장비및서비스,3403.0,8072.0,9.403026622893954,22.304211254775197,20.89,0.6329075682232176,,1.0817590910656696,,1.9738888862981911,1.9064395021624092,,,4.476535897691856,3.49,35.240866715167506,,,2026.12(E),-2.7360478808379147,2025.12,기저효과→PEG(영익)fwd 기준,3,"K신재생에너지,K이노베이션,코스피",9.31,2차전지·에너지,태양광,한화솔루션,,탈락,"PEG산출불가,ROE<10,이익률<10,전년이익률<5",기저효과(2y),2026-08-29
068270,셀트리온,190700.0,443600.954632,제약,15911.0,18550.0,23.913798093369273,27.880142959713407,28.36,0.8483887350669421,0.4745513044198851,1.1293864935397853,0.2960516089701374,0.7646737449349325,0.6680310522736831,,,33.54187762187183,8.83,32.862462462462474,58.7505348737698,0.41,2026.12(E),28.072072072072075,2025.12,,3,"K바이오,K이노베이션,코스피",9.1,바이오·헬스케어,바이오시밀러·CDMO,셀트리온,0.4745513044198851,탈락,ROE<10,,2026-08-29
373220,LG에너지솔루션,370000.0,865800.0,전기제품,-4539.0,8254.0,104.89459655924401,,-225.22,,,,,,,,,2.5620570953213124,-1.88,36.09569192034403,-38.68211871331996,,2026.12(E),5.686513066180011,2025.12,,3,"K신재생에너지,K이노베이션,코스피",8.59,2차전지·에너지,셀,LG에너지솔루션,,탈락,"PEG매출>1,PEG영익>1,ROE<10,이익률<10,fPER>30",,2026-08-29
005490,POSCO홀딩스,337500.0,267440.153625,철강,20884.0,30976.0,8.633785951220299,12.805983222802144,14.33,1.9780652109925574,,21.2193506741005,0.6608651798009115,,,,,4.210520592485058,3.32,6.473994462688282,69.5364238410596,3.28,2026.12(E),2.644334097017291,2025.12,기저효과→PEG(영익)fwd 기준,3,"K신재생에너지,K이노베이션,코스피",7.99,지주·소재,철강·비철,POSCO홀딩스,0.6608651798009115,탈락,"PEG매출>1,ROE<10,이익률<10,전년이익률<5",기저효과(2y),2026-08-29
222800,심텍,122800.0,46632.351984,전자장비와기기,1936.0,2538.0,18.37366114420804,24.086958669421488,23.88,0.50553584137905,,0.8015353088163718,,0.9274941184345662,,,,12.18610457579104,29.0,47.64639160640862,2032.7731092436973,0.2,2026.12(E),0.8436126471005245,2025.12,기저효과→PEG(영익)fwd 기준,3,"K이노베이션,코리아밸류업,코스닥",7.01,반도체,기판·PCB,심텍,,탈락,"PEG산출불가,전년이익률<5",기저효과(2y),2026-08-29
278470,에이피알,461500.0,172777.085325,화장품,5922.0,7669.0,22.52928482527057,29.175461892097264,29.3,0.286852600410713,0.26566096964528024,0.27407576149166096,0.19449779549335233,0.3623954818090202,0.3086803310500515,,,24.8936929918525,90.9,101.70889805539187,109.82216142270862,2.2,2026.12(E),23.93112027761409,2025.12,,3,"K컬처,코리아밸류업,코스피",6.29,화장품·뷰티,브랜드·디바이스,에이피알,0.26566096964528024,통과,,,2026-08-29
226950,올릭스,105900.0,22305.55815,생명과학도구및서비스,,,,,,,,,,,,,,,,,,,2026.12(E),-204.08163265306123,2025.12,기저효과→PEG(영익)fwd 기준,3,"K바이오,K컬처,코스닥",5.92,바이오·헬스케어,신약·플랫폼,올릭스,,보류,컨센서스 없음,기저효과(2y),2026-08-29
207940,삼성바이오로직스,1486000.0,687883.53186,제약,18779.0,24162.0,28.469643732306928,36.63046657756004,36.67,1.7793949066617758,2.184315891708566,1.4448335878042498,1.039970485474822,2.589039323635709,1.2435734741308293,,,43.97008243708031,20.98,20.585911784068458,16.76976609317611,,2026.12(E),45.40706605222734,2025.12,,3,"K바이오,K이노베이션,코스피",5.8,바이오·헬스케어,바이오시밀러·CDMO,삼성바이오로직스,2.184315891708566,탈락,"PEG매출>1,PEG영익>1,fPER>30",,2026-08-29
402340,SK스퀘어,1028000.0,1356178.69944,반도체와반도체장비,429750.0,463802.0,2.9240466825067597,3.1557386839790578,3.14,,0.007386968373414796,0.11087632917033034,0.012936227533544892,0.05081092907211972,,,,477.8311217341136,94.3,-7.165538084854051,427.20349194080075,,2026.12(E),84.14055625693409,2025.12,,3,"Korea플러스배당,코리아밸류업,코스피",4.61,반도체,지주(하이닉스),SK스퀘어,0.012936227533544892,탈락,PEG매출>1,기저효과(2y),2026-08-29
105560,KB금융,171600.0,608644.151544,은행,67266.0,94214.0,6.460230449232598,9.04831789528142,9.33,,0.8528367526462167,,1.1014674377400582,,0.653491885910955,,,,11.01,,10.609671624969174,3.5,2026.12(E),10.4858138610156,2025.12,,3,"Korea플러스배당,코리아밸류업,코스피",4.54,금융,은행,KB금융,0.8528367526462167,금융,영업이익·PEG 기준 부적합(별도 판단),,2026-08-29
055550,신한지주,109700.0,514986.912183,은행,59921.0,80830.0,6.371234840814054,8.594431204135445,8.81,,0.5696690082967617,,0.7240449428109442,,0.8741351130663821,,,,9.91,,15.086710140387849,3.37,2026.12(E),10.858353173989672,2025.12,,3,"Korea플러스배당,코리아밸류업,코스피",4.02,금융,은행,신한지주,0.5696690082967617,금융,영업이익·PEG 기준 부적합(별도 판단),,2026-08-29
005830,DB손해보험,187400.0,122747.654026,손해보험,20510.0,,,5.98477103978547,,,,,,,,,,,,,,5.8,2026.12(E),10.343675562632605,2025.12,,3,"Korea플러스배당,코리아밸류업,코스피",3.5,금융,보험,DB손해보험,,금융,영업이익·PEG 기준 부적합(별도 판단),,2026-08-29
071050,한국금융지주,191300.0,106603.822696,증권,30964.0,40460.0,2.6347954200692043,3.4428311166515955,3.83,0.02975835548306312,0.04747734355196676,0.06709936069808102,0.04116055481625304,0.131440919013545,0.049032086388518775,,,9.636316002572224,23.4,115.69292256795146,72.51524325246237,5.37,2026.12(E),12.048124688561138,2025.12,,3,"Korea플러스배당,코리아밸류업,코스피",2.94,금융,증권,한국금융지주,0.04747734355196676,금융,영업이익·PEG 기준 부적합(별도 판단),,2026-08-29
010120,LS ELECTRIC,214500.0,321750.0,전기장비,5337.0,7140.0,45.063025210084035,60.286677908937605,59.78,1.9298110304918608,0.8938191745608829,3.0670393941243876,1.70503681221304,3.891316199251394,2.00876456576439,,,10.955793220911142,23.68,31.23967940714487,67.44840525328331,0.65,2026.12(E),8.586733255467397,2025.12,,3,"K신재생에너지,K이노베이션,코스피",2.91,AI·전력인프라,변압기·전력기기,LS ELECTRIC,0.8938191745608829,탈락,"PEG매출>1,fPER>30",,2026-08-29
078930,GS,129200.0,120020.97954,석유와가스,29876.0,51701.0,2.321444063751185,4.017304175257732,4.86,0.2909587889109291,0.05279859798108428,0.614161670121166,0.13562865175123123,1.206325091533771,0.3469512248118005,,,18.038609553648996,15.93,13.807124336386845,76.08732672592895,5.33,2026.12(E),11.658546463840281,2025.12,,3,"Korea플러스배당,코리아밸류업,코스피",2.77,지주·소재,지주,GS,0.05279859798108428,통과,,,2026-08-29
356860,티엘비,39600.0,9386.0,반도체와반도체장비,465.0,578.0,16.238754325259517,20.18494623655914,18.99,0.4667091772943235,0.1650341516196659,0.46476751931313365,0.06463100726081634,0.6889042078352574,0.12008934215803434,,,15.608965703483662,25.57,43.24951644100581,122.30769230769232,0.72,2026.12(E),10.058027079303674,2025.12,,3,"K이노베이션,코리아밸류업,코스닥",2.31,반도체,기판·PCB,티엘비,0.1650341516196659,통과,,,2026-08-29
033780,KT&G,176300.0,183017.833928,담배,13496.0,15328.0,11.940098768789145,13.560894630112626,14.05,2.185320068521967,0.9636051884972143,1.5499257598751173,1.0007806828422552,2.249622660336557,1.4266970873421074,,,21.934745277618774,14.25,6.205450096508969,14.073081789089837,4.22,2026.12(E),20.42190373421281,2025.12,,3,"Korea플러스배당,코리아밸류업,코스피",1.51,소비재·식품,담배·기호,KT&G,0.9636051884972143,탈락,PEG매출>1,,2026-08-29
035420,NAVER,220500.0,335328.662655,양방향미디어와서비스,19671.0,22171.0,15.12465214266384,17.046853879060546,17.58,1.1679982148277461,41.823508944838125,1.278702827883572,2.9205665070587785,1.357179161500343,1.2008487596425463,,,16.075843816843708,6.78,14.594931449937686,0.407590235949451,1.08,2026.12(E),18.34732031574574,2025.12,,2,"K이노베이션,코스피",8.64,인터넷·통신,플랫폼,NAVER,41.823508944838125,탈락,"PEG매출>1,PEG영익>1,ROE<10",,2026-08-29
128940,한미약품,509000.0,65207.94419,제약,2844.0,3668.0,17.777520226281354,22.928250418424753,25.34,1.6720766975736243,0.5422846750339358,2.705681396497871,0.7578904126857492,4.0359891541165105,1.2425901265964392,,,20.84446212422572,18.66,13.7124394184168,42.28083785880528,0.44,2026.12(E),16.65912762520194,2025.12,,2,"K바이오,K이노베이션",8.33,바이오·헬스케어,제약,한미약품,0.5422846750339358,탈락,PEG매출>1,,2026-08-29
036570,NC,225000.0,48474.0495,게임엔터테인먼트,4815.0,5178.0,9.361539107763615,10.0673,10.38,0.1191799384869196,,0.30767128793846715,,0.6282678825342184,0.18088672528653063,,,18.62723936973883,13.04,84.47143141548877,3116.1490683229813,0.57,2026.12(E),1.0684186077377398,2025.12,기저효과→PEG(영익)fwd 기준,2,"K이노베이션,K컬처",7.83,엔터·게임·콘텐츠,게임,NC,,탈락,"PEG산출불가,전년이익률<5",기저효과(2y),2026-08-29
145020,휴젤,259000.0,32414.29807,생물공학,1809.0,2192.0,14.787544739963504,17.918351614151465,18.4,0.6746759319021958,1.9671020979688694,0.891537376241767,1.207186969053152,0.945804140677169,0.7791229649403361,,,40.74349442379182,16.81,26.558456833686183,9.109009457441509,,2026.12(E),47.259468360385796,2025.12,,2,"K바이오,K컬처",7.08,바이오·헬스케어,미용의료·의료기기,휴젤,1.9671020979688694,탈락,PEG영익>1,,2026-08-29
298380,에이비엘바이오,76900.0,43054.359047,생물공학,-706.0,-750.0,,,-61.33,,,,,,,,,-286.25954198473283,-52.23,-66.9609079445145,,,2026.12(E),-50.945775535939475,2025.12,기저효과→PEG(영익)fwd 기준,2,"K바이오,코스닥",6.96,바이오·헬스케어,신약·플랫폼,에이비엘바이오,,탈락,"PEG매출>1,PEG산출불가,ROE<10,이익률<10,fPER>30,전년이익률<5",기저효과(2y),2026-08-29
310210,보로노이,172600.0,31971.643848,제약,,,,,,,,,,,,,,,,,,,2026.12(E),-725.3333333333333,2025.12,기저효과→PEG(영익)fwd 기준,2,"K바이오,코스닥",4.94,바이오·헬스케어,신약·플랫폼,보로노이,,보류,컨센서스 없음,기저효과(2y),2026-08-29
259960,크래프톤,222500.0,101789.173175,게임엔터테인먼트,9370.0,14616.0,6.964229144430761,10.863305568303096,11.05,0.23602555224033095,0.2812934526330743,0.32055017601830804,0.9719619465857086,0.29774191900594305,0.45407375149728185,,,30.088313399345367,12.59,46.02597246437805,38.61911987860394,0.91,2026.12(E),31.696025972464376,2025.12,,2,"K이노베이션,K컬처",4.91,엔터·게임·콘텐츠,게임,크래프톤,0.2812934526330743,통과,,,2026-08-29
178320,서진시스템,38950.0,24791.9620615,전기장비,-37.0,635.0,39.042459939370076,,-675.71,,,,,,,,,3.4497745422936923,-0.47,72.62496483166088,5672.727272727273,,2026.12(E),0.10316046140860921,2025.12,기저효과→PEG(영익)fwd 기준,2,"K이노베이션,코스닥",4.42,AI·전력인프라,ESS·함체,서진시스템,,탈락,"PEG매출>1,PEG산출불가,ROE<10,이익률<10,fPER>30,전년이익률<5",기저효과(2y),2026-08-29
138040,메리츠금융지주,122000.0,204163.67306,증권,25551.0,32423.0,6.296877928014064,7.990437676020508,8.23,,0.6210533093047649,,9.583122163178878,,2.3553246243193904,,,,23.23,,12.865944929856932,,2026.12(E),14.139390658069598,2025.12,,2,"Korea플러스배당,코스피",4.11,금융,보험,메리츠금융지주,0.6210533093047649,금융,영업이익·PEG 기준 부적합(별도 판단),,2026-08-29
004370,농심,450500.0,27402.30221,식품,2078.0,2320.0,11.81133715948276,13.18686343118383,13.2,1.905534299186236,0.5041713482317476,2.9092452169636203,0.6844594694638242,4.0184900407690725,4.3457240603355345,,,6.1743180306054555,7.11,6.920297071963133,26.155519303969555,1.39,2026.12(E),5.232905557294482,2025.12,,2,"Korea플러스배당,K컬처",4.02,소비재·식품,음식료,농심,0.5041713482317476,탈락,"PEG매출>1,ROE<10,이익률<10",,2026-08-29
141080,리가켐바이오,101000.0,37389.61218,제약,-829.0,-985.0,,,-44.81,,,,,,,,,-51.32881709223553,-16.85,35.522598870056484,,,2026.12(E),-75.21186440677965,2025.12,기저효과→PEG(영익)fwd 기준,2,"K바이오,코스닥",3.99,바이오·헬스케어,신약·플랫폼,리가켐바이오,,탈락,"PEG매출>1,PEG산출불가,ROE<10,이익률<10,fPER>30,전년이익률<5",기저효과(2y),2026-08-29
086790,하나금융지주,136000.0,373140.13728,은행,44799.0,59861.0,6.233443097843337,8.329206841224135,8.43,,0.7016491323473899,,0.7546499393782062,,0.9860183896919515,,,,9.6,,11.8709002223925,4.36,2026.12(E),7.761271532092899,2025.12,,2,"Korea플러스배당,코리아밸류업",3.67,금융,은행,하나금융지주,0.7016491323473899,금융,영업이익·PEG 기준 부적합(별도 판단),,2026-08-29
347850,디앤디파마텍,55600.0,25485.710604,생물공학,,,,,,,,,,,,,,,,,,,2026.12(E),-790.6976744186046,2025.12,기저효과→PEG(영익)fwd 기준,2,"K바이오,코스닥",3.52,바이오·헬스케어,신약·플랫폼,디앤디파마텍,,보류,컨센서스 없음,기저효과(2y),2026-08-29
483650,달바글로벌,229000.0,28684.34535,화장품,1306.0,1642.0,17.46915063946407,21.96351098774885,21.91,0.4836625703530965,0.3555496595305436,0.3897014650743105,0.3342738547611055,0.39540341388842093,0.30603410827081695,,,21.728199020775442,54.15,45.410813931114106,61.77339901477832,1.78,2026.12(E),19.530498364441023,2025.12,,2,"K컬처,코스피",3.47,화장품·뷰티,브랜드·디바이스,달바글로벌,0.3555496595305436,통과,,,2026-08-29
316140,우리금융지주,33900.0,246822.402198,은행,33427.0,43793.0,5.636115411093097,7.383923241631017,7.7,,0.385158852070201,,5.10032393745176,,0.9506447604163106,,,,8.59,,19.171111352998803,4.86,2026.12(E),8.844624582414726,2025.12,,2,"Korea플러스배당,코리아밸류업",3.38,금융,은행,우리금융지주,0.385158852070201,금융,영업이익·PEG 기준 부적합(별도 판단),,2026-08-29
012450,한화에어로스페이스,1157000.0,596588.54957,우주항공과국방,35811.0,46248.0,12.899769710473967,16.659365825305073,25.83,0.7960726896378716,0.33517277006913027,0.2397220093980112,0.26271454058102617,0.27784882387997234,0.16970612103119692,,,14.322256975627884,21.39,20.926940519569026,49.703816398536894,0.74,2026.12(E),11.569155410086545,2025.12,,2,"코리아밸류업,코스피",3.36,조선·방산·우주,방산,한화에어로스페이스,0.33517277006913027,통과,,비지배괴리,2026-08-29
039490,키움증권,278500.0,73045.86006,증권,18283.0,23068.0,3.166545,3.995288522671334,4.01,0.031593884775154735,0.07263362300805618,0.046783965751945766,0.08891857742847895,0.06708075630699109,0.06674760878431213,,,5.9494395642373386,25.18,126.4576531536004,55.006047574250786,3.97,2026.12(E),8.691893912403557,2025.12,,2,"Korea플러스배당,코리아밸류업",2.9,금융,증권,키움증권,0.07263362300805618,금융,영업이익·PEG 기준 부적합(별도 판단),,2026-08-29
012330,현대모비스,450500.0,404641.735425,자동차부품,41452.0,37898.0,10.677126376721727,9.761693897158159,9.85,1.5350198980520826,0.7581514517628622,1.4858361123203774,0.8839640187713041,3.1132589109005537,0.5365589873186654,,,5.830031013094417,8.08,6.359327269663151,12.875651526433352,1.74,2026.12(E),5.493462656725258,2025.12,,2,"K신재생에너지,코리아밸류업",2.64,자동차,부품,현대모비스,0.7581514517628622,탈락,"PEG매출>1,ROE<10,이익률<10",,2026-08-29
476830,알지노믹스,31350.0,8795.0,생물공학,,,,,,,,,,,,,,,,,,,2026.12(E),-184.81012658227849,2025.12,기저효과→PEG(영익)fwd 기준,2,"K바이오,코스닥",2.63,바이오·헬스케어,신약·플랫폼,알지노믹스,,보류,컨센서스 없음,기저효과(2y),2026-08-29
032830,삼성생명,310000.0,620000.0,생명보험,32918.0,34544.0,17.948124131542382,18.83468011422322,19.61,,0.5561607968274747,,1.0730183255679997,,1.4564403254419651,,,,3.19,,33.86552993605891,3.36,2026.12(E),6.948352509404039,2025.12,,2,"Korea플러스배당,코스피",2.6,금융,보험,삼성생명,0.5561607968274747,금융,영업이익·PEG 기준 부적합(별도 판단),,2026-08-29
290650,엘앤씨바이오,52900.0,14266.973416,건강관리장비와용품,258.0,377.0,37.84343081167109,55.298346573643414,60.07,0.6022940932543328,,1.0859190067413957,0.2621860304701452,1.5570587560270142,0.8258114312420826,,,22.98780487804878,10.62,91.81286549707602,756.8181818181819,0.08,2026.12(E),5.146198830409357,2025.12,기저효과→PEG(영익)fwd 기준,2,"K컬처,코스닥",2.55,바이오·헬스케어,미용의료·의료기기,엘앤씨바이오,0.2621860304701452,탈락,fPER>30,기저효과(2y),2026-08-29
078600,대주전자재료,91800.0,14416.398684,전자장비와기기,220.0,397.0,36.31334681108312,65.52908492727272,67.04,1.0626563708588304,0.7139221357866028,1.7710895684015708,4.043972634071686,2.1451681333299306,0.7646803493450993,,,9.645286686103011,7.99,61.66535742340926,91.78743961352657,0.16,2026.12(E),8.130400628436764,2025.12,,2,"K신재생에너지,코스닥",2.12,2차전지·에너지,소재,대주전자재료,0.7139221357866028,탈락,"PEG매출>1,ROE<10,이익률<10,fPER>30",,2026-08-29
034020,두산에너빌리티,88200.0,564974.930772,기계,5308.0,11308.0,49.962409866643085,106.43838183345893,176.92,14.056013574955161,2.2053940185922074,16.84308139634031,19.65450375752283,74.98779719967739,,,,6.162532153289445,3.98,7.572444439233439,48.262750753900605,,2026.12(E),4.471242063794488,2025.12,,2,"K신재생에너지,코스피",2.01,로봇·산업재,로봇,두산에너빌리티,2.2053940185922074,탈락,"PEG매출>1,PEG영익>1,ROE<10,이익률<10,fPER>30,전년이익률<5",비지배괴리,2026-08-29
006800,미래에셋증권,36150.0,196302.1099365,증권,35501.0,47798.0,4.106910538861459,5.5294811395876176,7.26,0.05563202700882796,0.03696550888548276,0.08915363929139401,0.05497828920427438,0.13139610925365905,0.05057029887261437,,,8.186201049864271,23.39,99.39384625892156,149.584878074252,1.28,2026.12(E),6.539971997404638,2025.12,,2,"Korea플러스배당,코리아밸류업",1.87,금융,증권,미래에셋증권,0.03696550888548276,금융,영업이익·PEG 기준 부적합(별도 판단),,2026-08-29
028300,HLB,36000.0,47951.36028,건강관리장비와용품,,,,,,,,,,,,,,,,,,,2026.12(E),-123.75296912114013,2025.12,기저효과→PEG(영익)fwd 기준,2,"K바이오,코스닥",1.61,바이오·헬스케어,신약·플랫폼,HLB,,보류,컨센서스 없음,기저효과(2y),2026-08-29
006260,LS,313000.0,97656.0,전기장비,10382.0,19999.0,4.88304415220761,9.406280100173378,15.04,0.32615778874632856,0.10451863647674967,0.4257257218443512,0.2575025817832848,0.49994973055145814,0.3083226082567219,,,4.870534714036609,12.34,28.839661123313466,89.99619988599659,1.25,2026.12(E),3.30279259491685,2025.12,,2,"K신재생에너지,코스피",1.59,AI·전력인프라,전선·케이블,LS,0.10451863647674967,탈락,"이익률<10,전년이익률<5",비지배괴리,2026-08-29
079550,LIG디펜스앤에어로스페이스,734000.0,161480.0,우주항공과국방,3472.0,4475.0,36.084916201117316,46.50921658986175,44.85,2.4769450343869868,1.1596443230914784,1.8636627804732049,1.11983795978024,1.5313445786679512,1.3719308296405448,,,8.74775197435296,22.68,18.77684645568738,40.10644959298686,0.7,2026.12(E),7.416006872692655,2025.12,,2,"코리아밸류업,코스피",1.35,조선·방산·우주,방산,LIG디펜스앤에어로스페이스,1.1596443230914784,탈락,"PEG매출>1,PEG영익>1,이익률<10,fPER>30",,2026-08-29
000810,삼성화재,687000.0,306728.13951,손해보험,23751.0,31986.0,9.589449743950478,12.914325270935961,14.0,,0.6365242322140096,,1.3080840415173147,,1.2059674247502563,,,,8.27,,20.288819525403333,3.92,2026.12(E),10.731480920959703,2025.12,,2,"Korea플러스배당,코스피",1.32,금융,보험,삼성화재,0.6365242322140096,금융,영업이익·PEG 기준 부적합(별도 판단),,2026-08-29
192820,코스맥스,303000.0,34389.01227,화장품,1768.0,2567.0,13.39657665368134,19.45079879524887,20.31,0.8188588302920851,0.6253639415615317,1.139635161006278,0.9273015826708748,1.0432497932158493,0.6392821868081312,,,8.64717375193694,27.17,23.753543438385847,31.103166496424926,2.02,2026.12(E),8.162414540603635,2025.12,,2,"코리아밸류업,코스피",1.31,화장품·뷰티,ODM,코스맥스,0.6253639415615317,탈락,이익률<10,,2026-08-29
329180,HD현대중공업,457000.0,479672.79825,조선,32369.0,40521.0,11.837634763455986,14.818894567332942,14.82,0.36191575721393837,0.14987341249350178,0.4813528130403373,0.10606989417021562,0.5394789185018102,0.08093534821536631,,,16.35289417291185,30.98,40.94570151189379,98.87607361963191,1.11,2026.12(E),11.58947931242392,2025.12,,2,"코리아밸류업,코스피",1.21,조선·방산·우주,조선,HD현대중공업,0.14987341249350178,통과,,,2026-08-29
000150,두산,1238000.0,200479.6773,복합기업,9336.0,18125.0,11.060947713103449,21.473830044987146,54.57,2.0640353738183452,0.304351016121737,2.201758387209471,0.6247104739421592,4.752119840516451,2.663206454998616,,,8.298080796982017,24.8,10.403809119444407,70.55613061070858,0.51,2026.12(E),5.371485182545579,2025.12,,2,"Korea플러스배당,코스피",1.17,반도체,기판·PCB,두산,0.304351016121737,탈락,"PEG매출>1,이익률<10",비지배괴리,2026-08-29
028260,삼성물산,375000.0,608128.42875,복합기업,38915.0,38073.0,15.972695315577967,15.627095689322882,22.68,1.3319991171228074,0.9999094049015446,3.925513650899777,1.205114216043841,5.56957075297796,1.5823788854635998,,,8.363629973133929,4.81,11.732061597066433,15.628511555865998,1.17,2026.12(E),8.081792343074257,2025.12,,2,"Korea플러스배당,코스피",1.02,지주·소재,지주,삼성물산,0.9999094049015446,탈락,"PEG매출>1,ROE<10,이익률<10",비지배괴리,2026-08-29
491000,리브스메드,33450.0,8448.0,건강관리장비와용품,-288.0,-331.0,,,-29.16,,,,,,,,,-47.48923959827834,,36.1328125,,,2026.12(E),-44.140625,2025.12,기저효과→PEG(영익)fwd 기준,2,"K바이오,코스닥",1.02,바이오·헬스케어,미용의료·의료기기,리브스메드,,탈락,"PEG매출>1,PEG산출불가,ROE<10,이익률<10,fPER>30,전년이익률<5",기저효과(2y),2026-08-29
058470,리노공업,66800.0,50909.5158,반도체와반도체장비,1922.0,2230.0,22.829379282511212,26.4877813735692,26.49,1.1276226927605173,1.019203761548206,0.9265358074232466,0.7791454755147221,1.2241898119605539,1.0629824619544797,,,48.47826086956522,24.12,23.48993288590604,25.988700564971758,1.33,2026.12(E),47.51677852348993,2025.12,,2,"코리아밸류업,코스닥",0.88,반도체,테스트·후공정,리노공업,1.019203761548206,탈락,"PEG매출>1,PEG영익>1",,2026-08-29
241710,코스메카코리아,153900.0,16436.52,화장품,860.0,1144.0,14.367587412587413,19.112232558139535,22.26,0.6060875728110652,0.5164632422668773,0.713107231001568,0.5079782465282148,0.8914361181440481,0.5884124518830025,,,13.570581257413997,25.87,31.533780621001718,37.0059880239521,0.56,2026.12(E),13.028553596504915,2025.12,,1,K컬처,7.64,화장품·뷰티,ODM,코스메카코리아,0.5164632422668773,통과,,,2026-08-29
112610,씨에스윈드,49400.0,20832.673082,에너지장비및서비스,1897.0,3043.0,6.846096970752547,10.981904629414867,11.21,,,,1.2024610574038184,0.47180535734713536,0.2557677004111568,,,10.684691011235955,15.18,-2.8516850866421084,-4.995316890415236,2.4,2026.12(E),10.925774321189794,2025.12,,1,K신재생에너지,7.0,2차전지·에너지,풍력,씨에스윈드,,탈락,"PEG매출>1,PEG영익>1",,2026-08-29
336260,두산퓨얼셀,45400.0,29734.151604,에너지장비및서비스,-899.0,-715.0,,,-41.32,,,,,,,,,-14.32865731462926,-27.78,9.718557607739676,,,2026.12(E),-23.240985048372913,2025.12,기저효과→PEG(영익)fwd 기준,1,K신재생에너지,5.47,2차전지·에너지,수소,두산퓨얼셀,,탈락,"PEG매출>1,PEG산출불가,ROE<10,이익률<10,fPER>30,전년이익률<5",기저효과(2y),2026-08-29
263750,펄어비스,32500.0,20424.27075,게임엔터테인먼트,3412.0,3930.0,5.197015458015267,5.986011356975381,6.05,0.050437560546443855,,0.11335707371044022,,0.176910467295843,,,,49.15572232645403,35.44,118.68161925601753,,,2026.12(E),-4.048140043763676,2025.12,기저효과→PEG(영익)fwd 기준,1,K컬처,5.0,엔터·게임·콘텐츠,게임,펄어비스,,탈락,"PEG산출불가,전년이익률<5",기저효과(2y),2026-08-29
036930,주성엔지니어링,176800.0,82178.621928,반도체와반도체장비,452.0,484.0,169.7905411735537,181.81111046017696,181.47,12.174291383615728,3.3278875774289696,,,23.1748405584873,9.69439349757554,,,13.55362643517222,7.27,14.934019954940458,54.63258785942493,0.19,2026.12(E),10.074026392018023,2025.12,,1,코스닥,4.95,반도체,전공정 장비,주성엔지니어링,3.3278875774289696,탈락,"PEG매출>1,PEG영익>1,ROE<10,fPER>30",,2026-08-29
009420,한올바이오파마,64600.0,33747.452148,제약,-39.0,27.0,1249.905635111111,,-869.78,,,,,,,,,1.5817223198594026,-2.42,9.987113402061865,,,2026.12(E),-0.5798969072164949,2025.12,기저효과→PEG(영익)fwd 기준,1,K바이오,4.83,바이오·헬스케어,신약·플랫폼,한올바이오파마,,탈락,"PEG매출>1,PEG산출불가,ROE<10,이익률<10,fPER>30,전년이익률<5",기저효과(2y),2026-08-29
022100,포스코DX,21400.0,32535.432006,IT서비스,411.0,404.0,80.53324753960396,79.16163505109489,79.94,,,,,,,,,4.04282998098669,7.09,-7.05915178571429,-33.11258278145696,0.43,2026.12(E),5.617559523809524,2025.12,,1,K신재생에너지,4.73,로봇·산업재,산업자동화·IT,포스코DX,,탈락,"PEG매출>1,PEG영익>1,ROE<10,이익률<10,fPER>30",,2026-08-29
095610,테스,142700.0,27626.72,반도체와반도체장비,1060.0,1042.0,26.5131669865643,26.062943396226416,25.82,0.7427515768194073,0.3246633897202342,0.6427378512842755,0.4039874532562013,0.5452394754269257,,,,21.96921779464474,24.24,35.08971802905154,80.27681660899655,1.91,2026.12(E),16.462546283110225,2025.12,,1,코스닥,4.57,반도체,전공정 장비,테스,0.3246633897202342,통과,,,2026-08-29
475830,오름테라퓨틱,66000.0,14334.9294,제약,,,,,,,,,,,,,,,,,,,2026.12(E),,2025.12,기저효과→PEG(영익)fwd 기준,1,K바이오,4.35,바이오·헬스케어,신약·플랫폼,오름테라퓨틱,,보류,컨센서스 없음,기저효과(2y),2026-08-29
041510,에스엠,75800.0,17354.17502,방송과엔터테인먼트,1306.0,1887.0,9.196701123476418,13.288036003062786,14.26,1.823845035046551,4.266158927299097,1.0337105409309182,0.2825990102559382,1.404555909826556,0.7196129122097329,,,14.970249900833002,11.66,7.285726444803808,3.1147540983606614,1.2,2026.12(E),15.5757936845689,2025.12,,1,K컬처,4.34,엔터·게임·콘텐츠,엔터,에스엠,4.266158927299097,탈락,"PEG매출>1,PEG영익>1",,2026-08-29
100090,SK오션플랜트,13830.0,8641.0,에너지장비및서비스,367.0,574.0,15.054006968641115,23.544959128065393,23.53,,,,1.3701785835432048,,,,,8.888200681325488,4.43,-33.1054485187487,-3.529411764705881,,2026.12(E),6.163248394447897,2025.12,,1,K신재생에너지,4.34,2차전지·에너지,풍력,SK오션플랜트,,탈락,"PEG매출>1,PEG영익>1,ROE<10,이익률<10",,2026-08-29
352820,하이브,180000.0,77592.3048,방송과엔터테인먼트,1995.0,2847.0,27.254058587987355,38.89338586466165,41.19,0.4646061542747461,,0.8290957114600536,1.5946568595427084,1.2649679627127248,,,,5.848157429850869,5.6,83.71259292803501,477.4847870182556,0.15,2026.12(E),1.8604475640590212,2025.12,기저효과→PEG(영익)fwd 기준,1,K컬처,4.26,엔터·게임·콘텐츠,엔터,하이브,1.5946568595427084,탈락,"PEG영익>1,ROE<10,이익률<10,fPER>30,전년이익률<5",기저효과(2y),2026-08-29
237690,에스티팜,110200.0,23006.055076,제약,692.0,753.0,30.5525299814077,33.24574432947977,33.51,1.2822806272195855,0.8947016488668822,1.4138816908553569,0.5124501051140178,2.446349527655413,1.0726650412949366,,,18.027292315058656,10.93,25.927042508290633,37.158469945355186,0.42,2026.12(E),16.55110039192041,2025.12,,1,K바이오,4.13,바이오·헬스케어,바이오시밀러·CDMO,에스티팜,0.8947016488668822,탈락,"PEG매출>1,fPER>30",,2026-08-29
068760,셀트리온제약,42600.0,18915.393432,제약,,,,,,,,,,,,,,,,,,0.34,2026.12(E),10.458612975391498,2025.12,,1,K바이오,4.02,바이오·헬스케어,바이오시밀러·CDMO,셀트리온제약,,보류,컨센서스 없음,,2026-08-29
119850,지엔씨에너지,52200.0,8586.0,전기장비,485.0,425.0,20.20235294117647,17.703092783505156,20.59,1.0786153514961616,,1.0909937622435852,1.121276266434029,0.7876800728367761,0.31104252993456044,,,13.902518809290154,,16.412795125666403,-13.967611336032393,0.49,2026.12(E),18.81188118811881,2025.12,,1,코스닥,3.96,AI·전력인프라,발전설비,지엔씨에너지,,탈락,"PEG매출>1,PEG영익>1,ROE<10",,2026-08-29
009540,HD한국조선해양,354500.0,250890.69622,조선,50328.0,61594.0,4.073297662434653,4.985111592354157,6.4,0.32707262195878245,0.08632031669850904,0.3073343335978194,0.046484340323910536,0.2858255319166324,0.027782763818364573,,,17.85566233276804,27.18,15.241604639664331,57.75131258803945,3.02,2026.12(E),13.044044739620219,2025.12,,1,K신재생에너지,3.87,조선·방산·우주,조선,HD한국조선해양,0.08632031669850904,통과,,,2026-08-29
000100,유한양행,84900.0,62499.798069,제약,1516.0,1300.0,48.076767745384615,41.22677972889182,40.19,5.6341547846996844,1.681279610818869,6.3150222425483715,0.7651425008366683,5.1063257704607246,1.303391476242865,,,5.539930111650899,6.99,7.31729625903228,24.521072796934874,0.53,2026.12(E),4.774535809018567,2025.12,,1,K바이오,3.57,바이오·헬스케어,제약,유한양행,1.681279610818869,탈락,"PEG매출>1,PEG영익>1,ROE<10,이익률<10,fPER>30,전년이익률<5",,2026-08-29
277810,레인보우로보틱스,456000.0,88463.35248,기계,100.0,120.0,737.194604,884.6335248,884.63,8.175068616715448,,9.63644189899748,,13.243555456488593,,,,16.901408450704224,7.22,108.21114369501466,,,2026.12(E),-7.331378299120235,2025.12,기저효과→PEG(영익)fwd 기준,1,코스닥,3.47,로봇·산업재,로봇,레인보우로보틱스,,탈락,"PEG매출>1,PEG산출불가,ROE<10,fPER>30,전년이익률<5",기저효과(2y),2026-08-29
122870,와이지엔터테인먼트,40450.0,7561.0,방송과엔터테인먼트,609.0,774.0,9.768733850129198,12.41543513957307,15.42,0.7721069926024117,,0.39141650586849486,,3.4389968171445604,,,,12.225556784078345,9.18,16.079941327466084,8.555399719495082,0.43,2026.12(E),13.072973964063072,2025.12,기저효과→PEG(영익)fwd 기준,1,K컬처,3.39,엔터·게임·콘텐츠,엔터,와이지엔터테인먼트,,탈락,"PEG산출불가,ROE<10",기저효과(2y),2026-08-29
000880,한화,134900.0,71940.682053,복합기업,50880.0,74220.0,0.9692897069927243,1.4139284994693395,7.13,0.05891334611290814,0.017903026150192066,0.04860193497135552,0.01878521459382512,0.06931634908971865,0.031107973393372852,,,8.003536998296203,12.52,24.000139064576786,78.9770672068292,1.12,2026.12(E),5.5450662829910655,2025.12,,1,K신재생에너지,3.05,지주·소재,지주,한화,0.017903026150192066,탈락,이익률<10,비지배괴리,2026-08-29
058610,에스피지,92700.0,20558.41272,전기제품,166.0,212.0,96.97364490566038,123.84585975903614,128.17,23.510072377590358,6.717699665717412,,3.9586236583880057,,12.593049105261752,,,5.893800389213233,6.04,5.267778753292363,18.43575418994414,0.31,2026.12(E),5.238513315774071,2025.12,,1,코스닥,2.97,로봇·산업재,로봇,에스피지,6.717699665717412,탈락,"PEG매출>1,PEG영익>1,ROE<10,이익률<10,fPER>30",,2026-08-29
080220,제주반도체,76700.0,26417.652911,반도체와반도체장비,,,,,,,,,,,,,,,,,,,2026.12(E),11.879549966909332,2025.12,,1,코스닥,2.8,반도체,메모리,제주반도체,,보류,컨센서스 없음,,2026-08-29
403870,HPSP,51100.0,42055.3,반도체와반도체장비,1202.0,1386.0,30.342929292929295,34.98777038269551,35.07,0.8006460682812598,0.6458728043951387,2.0501077920146393,1.6279198001725375,3.0293157193383777,2.623170695121545,,,55.75221238938053,34.6,43.69942196531791,54.17130144605118,1.49,2026.12(E),51.96531791907515,2025.12,,1,코스닥,2.68,반도체,전공정 장비,HPSP,0.6458728043951387,탈락,fPER>30,,2026-08-29
475150,SK이터닉스,55800.0,19009.388232,에너지장비및서비스,291.0,659.0,28.845809153262522,65.32435818556701,65.07,1.4869582359123164,2.6838689797170936,2.232945015773024,2.016927801332839,,,,,11.873873873873872,10.13,43.93153526970954,24.33962264150944,,2026.12(E),13.7448132780083,2025.12,,1,K신재생에너지,2.61,2차전지·에너지,신재생 발전,SK이터닉스,2.6838689797170936,탈락,"PEG매출>1,PEG영익>1,fPER>30",,2026-08-29
006730,서부T&D,11150.0,7167.0,"호텔,레스토랑,레저",563.0,863.0,8.304750869061413,12.730017761989343,16.18,0.5393964863996508,0.5593251554174066,0.42082107213926023,0.3734630875988281,0.5798288633453478,0.39314356943936174,,,28.119908765070058,4.12,23.600483286347163,22.759601706970134,0.76,2026.12(E),28.312525171163916,2025.12,,1,K컬처,2.6,지주·소재,부동산,서부T&D,0.5593251554174066,탈락,ROE<10,,2026-08-29
086520,에코프로,90200.0,122470.089104,화학,,,,,,,,,,,,,,,,,,0.17,2026.12(E),6.264283621447407,2025.12,기저효과→PEG(영익)fwd 기준,1,코스닥,2.57,2차전지·에너지,소재,에코프로,,보류,컨센서스 없음,기저효과(2y),2026-08-29
108490,로보티즈,242000.0,35479.68776,기계,-13.0,-23.0,,,-2425.87,,,,,,,,,-3.627760252365931,-0.45,62.982005141388164,,,2026.12(E),8.483290488431876,2025.12,기저효과→PEG(영익)fwd 기준,1,코스닥,2.48,로봇·산업재,로봇,로보티즈,,탈락,"PEG매출>1,PEG산출불가,ROE<10,이익률<10,fPER>30",기저효과(2y),2026-08-29
456160,지투지바이오,43650.0,7259.0,제약,,,,,,,,,,,,,,,,,,,2026.12(E),-3050.0,2025.12,기저효과→PEG(영익)fwd 기준,1,K바이오,2.48,바이오·헬스케어,신약·플랫폼,지투지바이오,,보류,컨센서스 없음,기저효과(2y),2026-08-29
131290,티에스이,238500.0,26381.508165,반도체와반도체장비,1610.0,1876.0,14.062637614605544,16.386029916149067,18.41,0.264906454241852,0.058250915597870954,0.39754474602703116,0.14024897472934367,0.40236109322723124,,,,27.02391241717084,31.16,61.855910468640715,281.3008130081301,0.78,2026.12(E),11.47120540918629,2025.12,,1,코스닥,2.33,반도체,테스트·후공정,티에스이,0.14024897472934367,통과,,기저효과(2y),2026-08-29
035900,JYP Ent.,40100.0,14248.529292,방송과엔터테인먼트,1200.0,1529.0,9.318854998037933,11.87377441,11.81,44.35934176172096,,0.6975949163303697,1.2953078832674678,0.8922383533265633,,,,18.55357359543745,18.08,0.2676724662367791,-1.4819587628865927,1.21,2026.12(E),18.883075799975664,2025.12,,1,K컬처,2.25,엔터·게임·콘텐츠,엔터,JYP Ent.,,탈락,"PEG매출>1,PEG영익>1",,2026-08-29
024110,기업은행,20850.0,166263.2936865,은행,28113.0,37151.0,4.4753383135447224,5.914107127894568,5.95,,3.633547901971646,,3.5426964057746515,,2.2114588302389753,,,,7.51,,1.6276397855345293,5.0,2026.12(E),12.51180811302931,2025.12,,1,Korea플러스배당,2.14,금융,은행,기업은행,3.633547901971646,금융,영업이익·PEG 기준 부적합(별도 판단),,2026-08-29
214150,클래시스,33250.0,21690.8566175,건강관리장비와용품,1512.0,1925.0,11.267977463636365,14.345804641203705,14.12,0.4677315588729339,1.1175316309540417,0.4145559967079789,0.5646213720721509,0.4135040050764363,0.49408636165065106,,,43.74005907748239,25.93,30.671021377672215,12.837045720984763,1.83,2026.12(E),50.65320665083135,2025.12,,1,K컬처,2.13,바이오·헬스케어,미용의료·의료기기,클래시스,1.1175316309540417,탈락,PEG영익>1,,2026-08-29
240810,원익IPS,111100.0,54532.214011,반도체와반도체장비,2160.0,1839.0,29.653188695486676,25.24639537546296,25.03,0.680971553886635,0.16922651941046019,0.8674359726986812,0.07976190083364477,1.1584812972437522,,,,14.746211210007218,20.28,37.07408221587163,149.18699186991867,0.29,2026.12(E),8.111672895141789,2025.12,,1,코스닥,2.05,반도체,전공정 장비,원익IPS,0.16922651941046019,통과,,,2026-08-29
067310,하나마이크론,35350.0,23504.5221915,반도체와반도체장비,2730.0,3827.0,6.141761743271492,8.609715088461538,10.69,0.14586228145893101,,0.21699099880430006,0.09641668146607921,0.23852532563136364,0.09820669622035584,,,15.68378345149789,42.71,59.02632950990616,199.68676585747843,0.27,2026.12(E),8.322471324296142,2025.12,기저효과→PEG(영익)fwd 기준,1,코스닥,1.95,반도체,테스트·후공정,하나마이크론,0.09641668146607921,통과,,기저효과(2y),2026-08-29
001040,CJ,130500.0,38075.98239,복합기업,7741.0,25276.0,1.506408545260326,4.918742073375532,13.24,0.9341708810870656,,1.1713791381235272,,1.058565460664511,0.662797354316196,,,5.333704725971319,6.6,5.265355806907346,-0.003956165684215751,1.92,2026.12(E),5.6147653869050265,2025.12,,1,K컬처,1.91,지주·소재,지주,CJ,,탈락,"PEG영익>1,ROE<10,이익률<10",비지배괴리,2026-08-29
083650,비에이치아이,65400.0,20237.62125,에너지장비및서비스,1008.0,1463.0,13.832960526315789,20.077005208333333,20.08,0.39315987178777717,0.21409800751824384,0.28686886574526244,0.12669755816688258,0.4262777681811205,0.17738286256504918,,,12.510689242346503,44.28,51.06575377858158,93.7748344370861,,2026.12(E),9.753261852473841,2025.12,,1,K신재생에너지,1.89,AI·전력인프라,발전설비,비에이치아이,0.21409800751824384,통과,,,2026-08-29
059090,미코,19470.0,6506.0,반도체와반도체장비,,,,,,,,,,,,,,,,,,,2026.12(E),10.337768679631525,2025.12,,1,코스닥,1.85,반도체,소재·부품,미코,,보류,컨센서스 없음,,2026-08-29
089970,브이엠,58000.0,15269.5237,반도체와반도체장비,800.0,922.0,16.56130553145336,19.086904625,19.02,0.16563395600060093,,0.173103450835574,,0.1483642415559986,,,,29.665379665379664,37.15,115.23545706371192,273.2793522267206,,2026.12(E),17.105263157894736,2025.12,기저효과→PEG(영익)fwd 기준,1,코스닥,1.83,반도체,전공정 장비,브이엠,,탈락,PEG산출불가,기저효과(2y),2026-08-29
095340,ISC,173400.0,36755.698572,반도체와반도체장비,891.0,1020.0,36.0349986,41.25218694949495,41.25,0.9830878318483538,0.5917079798722306,1.2189158898067478,0.8106113625069488,1.3462959194524189,0.36821138616492977,,,32.629558541266796,15.39,41.96185286103542,69.7171381031614,0.77,2026.12(E),27.293369663941867,2025.12,,1,코스닥,1.8,반도체,테스트·후공정,ISC,0.5917079798722306,탈락,fPER>30,,2026-08-29
462870,시프트업,32900.0,19326.08181,게임엔터테인먼트,1399.0,1071.0,18.04489431372549,13.814211443888492,13.82,,,,,1.6530304214717206,,,,49.93006993006993,14.16,-27.164685908319186,-40.95920617420066,,2026.12(E),61.59592529711375,2025.12,,1,K컬처,1.79,엔터·게임·콘텐츠,게임,시프트업,,탈락,"PEG매출>1,PEG영익>1",,2026-08-29
084370,유진테크,134000.0,30707.49628,반도체와반도체장비,1450.0,1023.0,30.017102913000976,21.17758364137931,21.59,0.4955582865447676,0.21637965894452774,0.9800772551507231,0.723051988252718,0.970063343559167,0.34452330128106334,,,20.46,26.87,42.73479874393378,97.87234042553192,0.31,2026.12(E),14.75877819012275,2025.12,,1,코스닥,1.78,반도체,전공정 장비,유진테크,0.21637965894452774,통과,,,2026-08-29
420770,기가비스,109800.0,13917.982284,반도체와반도체장비,328.0,313.0,44.466397073482426,42.43287281707317,50.83,0.49965899676733344,,0.4578318705646142,,21.573534889020856,,,,32.30134158926729,12.32,84.92366412213741,158.67768595041323,2.54,2026.12(E),23.091603053435115,2025.12,기저효과→PEG(영익)fwd 기준,1,코스닥,1.68,반도체,검사·계측,기가비스,,탈락,"PEG산출불가,fPER>30",기저효과(2y),2026-08-29
138930,BNK금융지주,15120.0,46921.4473896,은행,8114.0,10035.0,4.675779510672646,5.782776360561991,5.91,,0.5178682758610422,,0.8218393297416147,,0.7420100338208514,,,,7.2,,11.166500498504494,4.63,2026.12(E),8.891406057621277,2025.12,,1,Korea플러스배당,1.67,금융,은행,BNK금융지주,0.5178682758610422,금융,영업이익·PEG 기준 부적합(별도 판단),,2026-08-29
267260,HD현대일렉트릭,814000.0,293423.6789,전기장비,9524.0,12324.0,23.80912681759169,30.808870107097857,30.79,2.054008589669974,1.29329685439032,1.6360230146115944,0.8623675000878328,1.5267593258103584,0.5354418850916461,,,26.26934390587032,40.39,14.999387179801449,23.821963227167696,0.92,2026.12(E),24.39759774482167,2025.12,,1,코리아밸류업,1.66,AI·전력인프라,변압기·전력기기,HD현대일렉트릭,1.29329685439032,탈락,"PEG매출>1,PEG영익>1,fPER>30",,2026-08-29
035760,CJ ENM,32850.0,7204.0,방송과엔터테인먼트,374.0,1324.0,5.4410876132930515,19.262032085561497,14.85,9.06516074640842,,165.28870432511403,1.5335454933446553,3.069095372799516,,,,2.524982836219391,1.73,2.1248417567435895,-0.3762227238525262,,2026.12(E),2.588372772421852,2025.12,기저효과→PEG(영익)fwd 기준,1,K컬처,1.65,엔터·게임·콘텐츠,미디어·콘텐츠,CJ ENM,1.5335454933446553,탈락,"PEG매출>1,PEG영익>1,ROE<10,이익률<10,전년이익률<5",기저효과(2y),2026-08-29
131970,두산테스나,81700.0,15790.353446,반도체와반도체장비,352.0,384.0,41.12071209895833,44.85895865340909,44.8,3.9745298935192492,,,68.22974119308829,,,,,11.354228267297458,7.78,11.286607436656793,,0.3,2026.12(E),-0.29615004935834155,2025.12,기저효과→PEG(영익)fwd 기준,1,코스닥,1.64,반도체,테스트·후공정,두산테스나,68.22974119308829,탈락,"PEG매출>1,PEG영익>1,ROE<10,fPER>30,전년이익률<5",기저효과(2y),2026-08-29
161580,필옵틱스,27700.0,6494.0,전자장비와기기,,,,,,,,,,,,,,,,,,,2026.12(E),-33.75241779497099,2025.12,기저효과→PEG(영익)fwd 기준,1,코스닥,1.62,반도체,기판·PCB,필옵틱스,,보류,컨센서스 없음,기저효과(2y),2026-08-29
039200,오스코텍,35800.0,13696.427008,제약,220.0,220.0,62.2564864,62.2564864,62.26,,,1.2830534138559408,,0.4246076504889565,,,,29.333333333333332,11.45,-24.849699398797597,-57.77351247600768,,2026.12(E),52.204408817635276,2025.12,기저효과→PEG(영익)fwd 기준,1,K바이오,1.6,바이오·헬스케어,신약·플랫폼,오스코텍,,탈락,"PEG매출>1,PEG산출불가,fPER>30",기저효과(2y),2026-08-29
031980,피에스케이홀딩스,120100.0,25896.436395,반도체와반도체장비,1386.0,1086.0,23.84570570441989,18.684297543290043,18.69,0.5794920939545777,0.3896100680901958,1.4457498721612851,1.7339792019526088,0.4382514987106354,0.316503162174702,,,39.519650655021834,24.67,32.24254090471608,47.956403269754766,2.33,2026.12(E),35.322425409047156,2025.12,,1,코스닥,1.57,반도체,후공정 장비,피에스케이홀딩스,0.3896100680901958,통과,,,2026-08-29
016360,삼성증권,88500.0,79030.5,증권,17062.0,23353.0,3.384169057508671,4.631959910913141,4.6,0.042638248630056115,0.06640461910632772,0.08941758266482067,0.11826428199239768,0.14004961813883554,0.09938293375161189,,,7.525457592162929,19.93,108.63391578536898,69.75357999563857,5.3,2026.12(E),9.249087327466231,2025.12,,1,Korea플러스배당,1.53,금융,증권,삼성증권,0.06640461910632772,금융,영업이익·PEG 기준 부적합(별도 판단),,2026-08-29
192080,더블유게임즈,59200.0,12534.693056,게임엔터테인먼트,2560.0,2831.0,4.427655618509361,4.896364475,6.38,0.2969581116724937,0.2228325871857843,0.32523966463137055,0.7316693195065805,0.3787330453509619,0.4947680201788093,,,33.75864536131648,15.41,16.488401166828726,21.97328737613098,2.24,2026.12(E),32.240588970690375,2025.12,,1,K이노베이션,1.52,엔터·게임·콘텐츠,게임,더블유게임즈,0.2228325871857843,통과,,,2026-08-29
347700,스피어,22250.0,11470.178045,우주항공과국방,180.0,142.0,80.77590172535211,63.72321136111111,24.39,0.3493084292501274,1.1370220066394336,0.8189730901867259,,0.1443172044237557,,,,5.2592592592592595,50.93,182.42677824267784,56.043956043956044,,2026.12(E),9.518828451882845,2025.12,,1,코스닥,1.52,AI·전력인프라,데이터센터 부품,스피어,1.1370220066394336,탈락,"PEG영익>1,이익률<10,fPER>30",비지배괴리,2026-08-29
003530,한화투자증권,5000.0,10727.38875,증권,,,,,,,,,,,,,,,,,,,2026.12(E),4.772830091126479,2025.12,,1,Korea플러스배당,1.49,금융,증권,한화투자증권,,금융,영업이익·PEG 기준 부적합(별도 판단),,2026-08-29
005940,NH투자증권,26650.0,98393.4269825,증권,17063.0,23399.0,4.2050270089533734,5.766478754175702,5.9,0.03527087527317997,0.08910975435855545,0.0643121950648296,0.09431094215160798,0.11187320990369277,0.12082194955451653,,,6.482543481994936,16.92,163.4912292227843,64.71209348162748,6.16,2026.12(E),10.370175707538563,2025.12,,1,Korea플러스배당,1.49,금융,증권,NH투자증권,0.08910975435855545,금융,영업이익·PEG 기준 부적합(별도 판단),,2026-08-29
006360,GS건설,37150.0,31793.523535,건설,1848.0,4156.0,7.650029724494707,17.2042876271645,21.04,,,,0.8373325554569492,,,,,3.801300637513606,3.11,-12.186051741725102,-5.070808588396525,2.54,2026.12(E),3.5163811313783606,2025.12,,1,코스피,1.44,로봇·산업재,플랜트·건설,GS건설,,탈락,"PEG매출>1,PEG영익>1,ROE<10,이익률<10,전년이익률<5",,2026-08-29
171090,선익시스템,71600.0,7251.0,디스플레이장비및부품,854.0,940.0,7.713829787234043,8.490632318501172,9.02,,,0.08823996894230499,0.03466336447151686,0.0933179405765963,,,,21.62410858063032,40.09,-15.723148507173324,-15.695067264573993,1.9,2026.12(E),21.61690577743311,2025.12,기저효과→PEG(영익)fwd 기준,1,코스닥,1.44,반도체,전자부품,선익시스템,0.03466336447151686,탈락,PEG매출>1,기저효과(2y),2026-08-29
247540,에코프로비엠,118200.0,115635.572988,전기제품,288.0,812.0,142.4083411182266,401.51240620833335,815.13,250.97995248321274,,,,,,,,3.1569534621515496,0.83,1.5997787960183363,-43.33565945568737,0.07,2026.12(E),5.660451888133986,2025.12,기저효과→PEG(영익)fwd 기준,1,코스닥,1.37,2차전지·에너지,소재,에코프로비엠,,탈락,"PEG매출>1,PEG산출불가,ROE<10,이익률<10,fPER>30","기저효과(2y),비지배괴리",2026-08-29
140860,파크시스템스,271000.0,18976.69099,전자장비와기기,461.0,502.0,37.802173286852586,41.16418869848156,41.25,2.3975516137132598,2.1714109538449025,2.3802758684435714,2.9012831215204193,2.22604132578697,1.8654198529526136,,,20.83852220838522,17.25,17.16926070038911,18.957345971563978,0.24,2026.12(E),20.525291828793772,2025.12,,1,코스닥,1.36,반도체,검사·계측,파크시스템스,2.1714109538449025,탈락,"PEG매출>1,PEG영익>1,fPER>30",,2026-08-29
010140,삼성중공업,21200.0,186560.0,조선,9242.0,13814.0,13.505139713334298,20.186106903267692,19.95,0.9954254689067966,0.3352168985361596,1.4699706498130445,0.30692083852545976,1.1913100271429855,0.249481130567894,,,10.78401523845211,20.18,20.278873239436624,60.21804685687775,,2026.12(E),8.095774647887325,2025.12,,1,K신재생에너지,1.34,조선·방산·우주,조선,삼성중공업,0.3352168985361596,통과,,,2026-08-29
064290,인텍플러스,32500.0,4211.0,반도체와반도체장비,60.0,65.0,64.78461538461538,70.18333333333334,81.08,3.84296544715447,,5.6113227233086045,,5.662941028742358,,,,6.120527306967985,10.74,18.262806236080188,,,2026.12(E),-4.120267260579064,2025.12,기저효과→PEG(영익)fwd 기준,1,코스닥,1.34,반도체,검사·계측,인텍플러스,,탈락,"PEG매출>1,PEG산출불가,이익률<10,fPER>30,전년이익률<5",기저효과(2y),2026-08-29
458870,씨어스,22100.0,8474.0,건강관리기술,540.0,565.0,14.998230088495575,15.692592592592593,15.61,0.09349603992125625,,0.05244365827757039,,0.05094002326967785,,,,43.76452362509682,77.85,167.84232365145226,246.62576687116564,,2026.12(E),33.81742738589212,2025.12,기저효과→PEG(영익)fwd 기준,1,K바이오,1.33,바이오·헬스케어,미용의료·의료기기,씨어스,,탈락,PEG산출불가,기저효과(2y),2026-08-29
319660,피에스케이,128600.0,37251.194204,반도체와반도체장비,1586.0,1857.0,20.059878408185245,23.48751210844893,23.47,0.48046937521176053,0.21385234790100105,0.7635218375448175,0.48156504111174414,0.9548424062586487,0.46192038398783075,,,27.28074041427942,26.01,48.88451443569555,109.83050847457628,1.84,2026.12(E),19.35695538057743,2025.12,,1,코스닥,1.3,반도체,전공정 장비,피에스케이,0.21385234790100105,통과,,,2026-08-29
950260,인제니아테라퓨틱스(Reg.S),18000.0,8900.0,생물공학,,,,,,,,,,,,,,,,,,,2026.12(E),,2025.12,기저효과→PEG(영익)fwd 기준,1,K바이오,1.3,바이오·헬스케어,신약·플랫폼,인제니아테라퓨틱스(Reg.S),,보류,컨센서스 없음,기저효과(2y),2026-08-29
039030,이오테크닉스,398500.0,49093.40675,반도체와반도체장비,1160.0,1332.0,36.85691197447448,42.321902370689656,42.62,1.4601823019017832,0.6525972731968941,1.7831874632606635,0.39693714262059765,2.6767658959497456,0.6744757833075907,,,27.111744351719924,15.64,28.983985297978478,64.85148514851484,0.44,2026.12(E),21.21291677605671,2025.12,,1,코스닥,1.28,반도체,기타 반도체,이오테크닉스,0.6525972731968941,탈락,"PEG매출>1,fPER>30",,2026-08-29
138080,오이솔루션,23400.0,2896.0,통신장비,0.0,8.0,362.0,,5754.68,,,,,,,,,1.0282776349614395,0.07,35.540069686411144,,,2026.12(E),-27.874564459930312,2025.12,기저효과→PEG(영익)fwd 기준,1,코스닥,1.26,AI·전력인프라,광통신,오이솔루션,,탈락,"PEG매출>1,PEG산출불가,ROE<10,이익률<10,fPER>30,전년이익률<5",기저효과(2y),2026-08-29
003470,유안타증권,4755.0,9162.0,증권,,,,,,,,,,,,,,,,,,5.96,2026.12(E),2.87175338745558,2025.12,기저효과→PEG(영익)fwd 기준,1,Korea플러스배당,1.23,금융,증권,유안타증권,,금융,영업이익·PEG 기준 부적합(별도 판단),기저효과(2y),2026-08-29
389470,인벤티지랩,29050.0,3866.0,제약,,,,,,,,,,,,,,,,,,,2026.12(E),-979.3103448275862,2025.12,기저효과→PEG(영익)fwd 기준,1,K바이오,1.22,바이오·헬스케어,신약·플랫폼,인벤티지랩,,보류,컨센서스 없음,기저효과(2y),2026-08-29
010060,OCI홀딩스,274500.0,51249.78684,화학,2355.0,3468.0,14.777908546712803,21.76211755414013,27.94,1.005991979550725,,3.0213720024341355,0.25649415803910053,1.3800132420520488,,,,8.43528810838421,4.58,21.632496079997644,,0.87,2026.12(E),-1.7040915949232274,2025.12,기저효과→PEG(영익)fwd 기준,1,K신재생에너지,1.2,2차전지·에너지,태양광,OCI홀딩스,0.25649415803910053,탈락,"PEG매출>1,ROE<10,이익률<10,전년이익률<5",기저효과(2y),2026-08-29
082920,비츠로셀,27750.0,12526.2048675,전기제품,786.0,917.0,13.659983497818976,15.936647414122138,15.97,0.5782386546825509,0.4930400293744035,0.7486433136287294,0.4840543338041149,0.7685995053079858,0.4621238234226998,,,29.571106094808126,21.6,27.560674619498158,32.32323232323233,1.48,2026.12(E),28.50678733031674,2025.12,,1,코스닥,1.12,2차전지·에너지,셀,비츠로셀,0.4930400293744035,통과,,,2026-08-29
175330,JB금융지주,29050.0,54184.589872,은행,7661.0,10225.0,5.299226393349633,7.072782909802897,7.32,,0.9594602799152844,,1.1354381225739543,,0.8297821120571687,,,,12.25,,7.371626588260005,4.44,2026.12(E),20.565813627038118,2025.12,,1,Korea플러스배당,1.12,금융,은행,JB금융지주,0.9594602799152844,금융,영업이익·PEG 기준 부적합(별도 판단),,2026-08-29
028050,삼성E&A,48750.0,95550.0,건설,7620.0,9821.0,9.729151817533856,12.539370078740157,12.91,0.6697554695156717,0.5227597389142147,3.3827062413371096,23.268722595365247,42.509946994803485,,,,9.16206433315919,14.68,18.722310827573985,23.986870344653454,3.28,2026.12(E),8.773037391458443,2025.12,,1,K이노베이션,1.11,로봇·산업재,플랜트·건설,삼성E&A,0.5227597389142147,탈락,이익률<10,,2026-08-29
253450,스튜디오드래곤,22000.0,6613.0,방송과엔터테인먼트,347.0,476.0,13.892857142857142,19.05763688760807,18.54,1.8660309771685597,0.3368326519670263,6.118887984661994,1.3276535491787977,,,,,8.138143272354249,4.37,10.212926323723392,56.57894736842106,,2026.12(E),5.728283399283965,2025.12,,1,K컬처,1.11,엔터·게임·콘텐츠,미디어·콘텐츠,스튜디오드래곤,0.3368326519670263,탈락,"PEG매출>1,ROE<10,이익률<10",,2026-08-29
124500,아이티센글로벌,38800.0,9003.0,IT서비스,2122.0,2883.0,3.1227887617065555,4.242695570216776,16.64,0.20781945811308106,1.4137267739329475,0.09080240420266089,0.034831548516362935,0.07579858764449343,0.038072491272550746,,,2.6989833174184126,35.58,20.415295125580556,3.0010718113612,,2026.12(E),3.155296027415791,2025.12,,1,코스닥,1.09,미분류,IT서비스,아이티센글로벌,1.4137267739329475,탈락,"PEG영익>1,이익률<10,전년이익률<5",비지배괴리,2026-08-29
051910,LG화학,277000.0,195540.79011,화학,-2295.0,13021.0,15.017340458490132,,-63.94,,,,,,,,,2.3152148788250564,-1.03,22.443514571477085,10.26335845541535,0.6,2026.12(E),2.5709632893699843,2025.12,기저효과→PEG(영익)fwd 기준,1,K신재생에너지,1.07,2차전지·에너지,소재,LG화학,,탈락,"PEG매출>1,PEG산출불가,ROE<10,이익률<10,fPER>30,전년이익률<5",기저효과(2y),2026-08-29
066970,엘앤에프,134800.0,54842.924376,전기제품,-654.0,2208.0,24.838280967391306,,-83.59,,,,,,,,,6.1698382094056505,-9.99,66.07267158568844,,,2026.12(E),-7.276439741983387,2025.12,기저효과→PEG(영익)fwd 기준,1,K신재생에너지,1.01,2차전지·에너지,셀,엘앤에프,,탈락,"PEG매출>1,PEG산출불가,ROE<10,이익률<10,fPER>30,전년이익률<5",기저효과(2y),2026-08-29
005387,현대차2우B,192400.0,67270.60132,자동차,110612.0,114811.0,0.5859247051240735,0.6081672993888547,10.54,0.1450240007477194,5.283637706561736,0.11613079923476126,,0.10035438305690435,,,,5.916104484472228,8.39,4.193563108542353,0.11510389870856841,4.75,2026.12(E),6.157112982505121,2025.12,,1,Korea플러스배당,1.0,자동차,완성차,현대차2우B,5.283637706561736,탈락,"PEG영익>1,ROE<10,이익률<10",비지배괴리,2026-08-29
100790,미래에셋벤처투자,16000.0,8499.0,창업투자,,,,,,,,,,,,,,,,,,,2026.12(E),14.637197664720599,2025.12,,1,코스닥,0.95,금융,증권,미래에셋벤처투자,,금융,영업이익·PEG 기준 부적합(별도 판단),,2026-08-29
010130,고려아연,1375000.0,287003.32375,비철금속,12747.0,22605.0,12.696453163017031,22.515362340158468,22.56,0.508353971011331,0.26965462635466864,0.5502441099859096,0.2933231150710447,0.6412916816750667,0.44369856670781516,,,9.444407306516036,11.04,44.29071793295112,83.49703709716698,1.52,2026.12(E),7.4264976277889305,2025.12,,1,K신재생에너지,0.91,지주·소재,철강·비철,고려아연,0.26965462635466864,탈락,이익률<10,,2026-08-29
323280,태성,49450.0,15101.03111,전자장비와기기,,,,,,,,,,,,,,,,,,,2026.12(E),-6.596306068601583,2025.12,기저효과→PEG(영익)fwd 기준,1,코스닥,0.87,반도체,기판·PCB,태성,,보류,컨센서스 없음,기저효과(2y),2026-08-29
417200,LS머트리얼즈,11620.0,7861.0,전기제품,,,,,,,,,,,,,,,,,,0.18,2026.12(E),-0.06510416666666666,2025.12,기저효과→PEG(영익)fwd 기준,1,코스닥,0.78,AI·전력인프라,전선·케이블,LS머트리얼즈,,보류,컨센서스 없음,기저효과(2y),2026-08-29
011070,LG이노텍,611000.0,144606.02377,전자장비와기기,9336.0,12732.0,11.357683299560163,15.489077096186804,15.49,0.9418181265290159,0.16935607150549534,1.6023293818359423,0.45169895480418937,2.104622434602222,1.0128722214028805,,,4.993391560807446,14.93,16.445932245188754,91.45864661654134,0.69,2026.12(E),3.0370011782651187,2025.12,,1,코리아밸류업,0.75,반도체,전자부품,LG이노텍,0.16935607150549534,탈락,"이익률<10,전년이익률<5",,2026-08-29
397030,에이프릴바이오,18550.0,5103.0,제약,-60.0,-50.0,,,-84.63,,,,,,,,,-62.5,-6.55,263.6363636363636,,,2026.12(E),-331.8181818181818,2025.12,기저효과→PEG(영익)fwd 기준,1,K바이오,0.75,바이오·헬스케어,신약·플랫폼,에이프릴바이오,,탈락,"PEG매출>1,PEG산출불가,ROE<10,이익률<10,fPER>30,전년이익률<5",기저효과(2y),2026-08-29
096770,SK이노베이션,116900.0,197622.709172,석유와가스,31785.0,87325.0,2.263071390460922,6.217483378071417,6.84,0.2095787629765042,,0.3378867035610748,0.015721303771021437,0.595407052132191,0.09399187006137992,,,8.387182905418126,12.2,29.666571601858614,1846.1778471138846,,2026.12(E),0.5588067166400361,2025.12,기저효과→PEG(영익)fwd 기준,1,K이노베이션,0.71,2차전지·에너지,정유·배터리,SK이노베이션,0.015721303771021437,탈락,"이익률<10,전년이익률<5",기저효과(2y),2026-08-29
440110,파두,63300.0,31720.280091,반도체와반도체장비,490.0,880.0,36.04577283068182,64.73526549183674,64.71,0.20421777164375948,,0.3275826837694821,,0.4103556499866202,,,,22.839345964183753,109.5,316.991341991342,,,2026.12(E),-70.88744588744589,2025.12,기저효과→PEG(영익)fwd 기준,1,코스닥,0.68,반도체,팹리스,파두,,탈락,"PEG산출불가,fPER>30,전년이익률<5",기저효과(2y),2026-08-29
218410,RFHIC,46800.0,12437.306856,통신장비,564.0,551.0,22.572244747731396,22.051962510638297,23.6,0.5108796302339895,0.2815725791647617,0.42283129270716063,0.0435740383345139,0.6551543412429075,0.047076351646949136,,,20.714285714285715,14.56,43.16469321851453,78.31715210355988,1.23,2026.12(E),16.630785791173306,2025.12,,1,코스닥,0.64,AI·전력인프라,RF·통신부품,RFHIC,0.2815725791647617,통과,,,2026-08-29
089010,켐트로닉스,22500.0,3773.0,전자장비와기기,,,,,,,,,,,,,,,,,,0.72,2026.12(E),3.6392156862745098,2025.12,,1,코스닥,0.63,반도체,기판·PCB,켐트로닉스,,보류,컨센서스 없음,,2026-08-29
010170,대한광통신,14310.0,22249.997946,통신장비,-32.0,10.0,2224.9997946,,-4820.19,,,,,,,,,0.5005005005005005,,43.328550932568156,,,2026.12(E),-15.351506456241031,2025.12,기저효과→PEG(영익)fwd 기준,1,코스닥,0.59,AI·전력인프라,광통신,대한광통신,,탈락,"PEG매출>1,PEG산출불가,ROE<10,이익률<10,fPER>30,전년이익률<5",기저효과(2y),2026-08-29
077360,덕산하이메탈,9850.0,4476.0,반도체와반도체장비,260.0,322.0,13.900621118012422,17.215384615384615,17.9,0.3814167687982121,,0.8357086377538023,0.5452320169635411,0.5152957988078709,,,,9.38501894491402,11.36,45.13536379018612,1050.0,,2026.12(E),1.1844331641285957,2025.12,기저효과→PEG(영익)fwd 기준,1,코스닥,0.59,반도체,소재·부품,덕산하이메탈,0.5452320169635411,탈락,"이익률<10,전년이익률<5",기저효과(2y),2026-08-29
099320,쎄트렉아이,74500.0,8159.0,우주항공과국방,161.0,205.0,39.8,50.67701863354037,74.85,3.2765859860248447,,2.8006980363216605,,2.1144469656796763,,,,8.58099623273336,4.29,15.466408893185113,100.98039215686273,0.15,2026.12(E),4.9299178347027555,2025.12,기저효과→PEG(영익)fwd 기준,1,코스닥,0.59,조선·방산·우주,우주·위성,쎄트렉아이,,탈락,"PEG매출>1,PEG산출불가,ROE<10,이익률<10,fPER>30,전년이익률<5","기저효과(2y),비지배괴리",2026-08-29
452280,한선엔지니어링,10390.0,2000.0,기계,,,,,,,,,,,,,,,,,,,2026.12(E),15.50632911392405,2025.12,,1,코스닥,0.58,반도체,소재·부품,한선엔지니어링,,보류,컨센서스 없음,,2026-08-29
189300,인텔리안테크,63800.0,6851.0,통신장비,431.0,366.0,18.718579234972676,15.895591647331786,15.84,0.624874672876659,,0.643470533849909,,1.6659401970207386,0.31369601356711674,,,9.12945871788476,15.01,25.438047559449316,204.99999999999997,0.34,2026.12(E),3.754693366708386,2025.12,기저효과→PEG(영익)fwd 기준,1,코스닥,0.52,조선·방산·우주,우주·위성,인텔리안테크,,탈락,"PEG산출불가,이익률<10,전년이익률<5",기저효과(2y),2026-08-29
327260,RF머트리얼즈,34900.0,6278.0,우주항공과국방,163.0,185.0,33.935135135135134,38.515337423312886,46.46,0.6672521969822583,,0.7592435419087857,,1.3622187785007118,,,,18.298714144411473,21.75,57.7223088923557,150.0,,2026.12(E),11.54446177847114,2025.12,기저효과→PEG(영익)fwd 기준,1,코스닥,0.51,AI·전력인프라,RF·통신부품,RF머트리얼즈,,탈락,"PEG산출불가,fPER>30",기저효과(2y),2026-08-29
080580,오킨스전자,20300.0,4281.0,반도체와반도체장비,248.0,300.0,14.27,17.262096774193548,17.15,0.3057301942746474,,0.35367090265752477,0.0580512300789147,0.4611527999443005,,,,20.31144211238998,38.19,56.46186440677967,170.27027027027026,,2026.12(E),11.758474576271187,2025.12,기저효과→PEG(영익)fwd 기준,1,코스닥,0.5,반도체,테스트·후공정,오킨스전자,0.0580512300789147,통과,,기저효과(2y),2026-08-29
033640,네패스,23400.0,5396.0,반도체와반도체장비,490.0,502.0,10.749003984063744,11.012244897959183,15.55,0.8943589547968723,,0.8949011723034216,0.038741584856059434,1.4335299289611219,0.1558520782083665,,,8.5724043715847,24.65,12.313003452243954,110.92436974789916,,2026.12(E),4.56463367855773,2025.12,기저효과→PEG(영익)fwd 기준,1,코스닥,0.44,반도체,테스트·후공정,네패스,0.038741584856059434,탈락,"이익률<10,전년이익률<5",기저효과(2y),2026-08-29
139130,iM금융지주,18120.0,28695.4495296,은행,4929.0,6314.0,4.544733850110864,5.82175888204504,6.02,,0.7044086680515912,,0.10618574373931197,,1.0170983037013308,,,,7.56,,8.264746227709185,4.5,2026.12(E),7.252829250093272,2025.12,,1,Korea플러스배당,0.42,금융,은행,iM금융지주,0.7044086680515912,금융,영업이익·PEG 기준 부적합(별도 판단),,2026-08-29
448900,한국피아이엠,47500.0,2885.0,자동차부품,,,,,,,,,,,,,,,,,,,2026.12(E),4.0650406504065035,2025.12,기저효과→PEG(영익)fwd 기준,1,코스닥,0.42,반도체,소재·부품,한국피아이엠,,보류,컨센서스 없음,기저효과(2y),2026-08-29
295310,에이치브이엠,47000.0,5781.0,비철금속,108.0,175.0,33.034285714285716,53.52777777777778,52.76,0.9342774861475648,,1.0236289501535212,,1.4831535496481696,0.7888051816303076,,,16.730401529636712,10.9,57.29323308270678,201.72413793103448,,2026.12(E),8.721804511278195,2025.12,기저효과→PEG(영익)fwd 기준,1,코스닥,0.41,반도체,소재·부품,에이치브이엠,,탈락,"PEG산출불가,fPER>30",기저효과(2y),2026-08-29
0009K0,에임드바이오,25100.0,16232.461411,생물공학,,,,,,,,,,,,,,,,,,,2026.12(E),43.97463002114165,2025.12,기저효과→PEG(영익)fwd 기준,1,K바이오,0.4,바이오·헬스케어,신약·플랫폼,에임드바이오,,보류,컨센서스 없음,기저효과(2y),2026-08-29
174900,앱클론,26050.0,5198.0,생물공학,,,,,,,,,,,,,,,,,,,2026.12(E),-374.468085106383,2025.12,기저효과→PEG(영익)fwd 기준,1,K바이오,0.35,바이오·헬스케어,신약·플랫폼,앱클론,,보류,컨센서스 없음,기저효과(2y),2026-08-29
475960,토모큐브,30050.0,4050.0,생명과학도구및서비스,-13.0,-22.0,,,-310.34,,,,,,,,,-11.0,-3.41,76.99115044247789,,,2026.12(E),-49.557522123893804,2025.12,기저효과→PEG(영익)fwd 기준,1,K바이오,0.28,바이오·헬스케어,미용의료·의료기기,토모큐브,,탈락,"PEG매출>1,PEG산출불가,ROE<10,이익률<10,fPER>30,전년이익률<5",기저효과(2y),2026-08-29
358570,지아이이노베이션,8090.0,5219.0,생물공학,,,,,,,,,,,,,,,,,,,2026.12(E),-701.7241379310345,2025.12,기저효과→PEG(영익)fwd 기준,1,K바이오,0.15,바이오·헬스케어,신약·플랫폼,지아이이노베이션,,보류,컨센서스 없음,기저효과(2y),2026-08-29
007390,네이처셀,25250.0,16269.85164,생물공학,,,,,,,,,,,,,,,,,,,2026.12(E),-17.391304347826086,2025.12,기저효과→PEG(영익)fwd 기준,1,K바이오,0.07,바이오·헬스케어,신약·플랫폼,네이처셀,,보류,컨센서스 없음,기저효과(2y),2026-08-29
