종목코드,종목명,보유ETF수,보유ETF,최대비중
009150,삼성전기,5,"Korea플러스배당,K신재생에너지,K이노베이션,코리아밸류업,코스피",4.64
005930,삼성전자,4,"Korea플러스배당,K신재생에너지,코리아밸류업,코스피",26.65
000660,SK하이닉스,4,"Korea플러스배당,K신재생에너지,코리아밸류업,코스피",24.28
214450,파마리서치,4,"K바이오,K컬처,코리아밸류업,코스닥",7.88
005380,현대차,4,"Korea플러스배당,K신재생에너지,코리아밸류업,코스피",3.64
034730,SK,4,"Korea플러스배당,K신재생에너지,코리아밸류업,코스피",3.39
196170,알테오젠,3,"K바이오,K이노베이션,코스닥",12.07
068270,셀트리온,3,"K바이오,K이노베이션,코스피",11.37
226950,올릭스,3,"K바이오,K컬처,코스닥",10.98
006400,삼성SDI,3,"K신재생에너지,K이노베이션,코스피",9.93
373220,LG에너지솔루션,3,"K신재생에너지,K이노베이션,코스피",8.92
005490,POSCO홀딩스,3,"K신재생에너지,K이노베이션,코스피",8.61
207940,삼성바이오로직스,3,"K바이오,K이노베이션,코스피",8.33
128940,한미약품,3,"K바이오,K이노베이션,코리아밸류업",7.89
402340,SK스퀘어,3,"Korea플러스배당,코리아밸류업,코스피",6.67
105560,KB금융,3,"Korea플러스배당,코리아밸류업,코스피",4.11
055550,신한지주,3,"Korea플러스배당,코리아밸류업,코스피",3.94
278470,에이피알,3,"K컬처,코리아밸류업,코스피",3.83
086790,하나금융지주,3,"Korea플러스배당,코리아밸류업,코스피",3.07
066970,엘앤에프,3,"K신재생에너지,K이노베이션,코스피",2.73
078930,GS,3,"Korea플러스배당,K신재생에너지,코스피",2.23
003230,삼양식품,3,"Korea플러스배당,K컬처,코스피",1.93
000810,삼성화재,3,"Korea플러스배당,코리아밸류업,코스피",1.48
036570,NC,2,"K이노베이션,K컬처",10.88
009830,한화솔루션,2,"K신재생에너지,코스피",9.7
259960,크래프톤,2,"K이노베이션,K컬처",5.95
095610,테스,2,"코리아밸류업,코스닥",5.52
141080,리가켐바이오,2,"K바이오,코스닥",5.23
161890,한국콜마,2,"K컬처,코스피",5.01
403870,HPSP,2,"코리아밸류업,코스닥",4.8
310210,보로노이,2,"K바이오,코스닥",4.48
138040,메리츠금융지주,2,"Korea플러스배당,코스피",4.45
039030,이오테크닉스,2,"코리아밸류업,코스닥",4.33
005830,DB손해보험,2,"Korea플러스배당,코리아밸류업",4.16
240810,원익IPS,2,"K신재생에너지,코스닥",4.09
476830,알지노믹스,2,"K바이오,코스닥",3.84
347850,디앤디파마텍,2,"K바이오,코스닥",3.82
290650,엘앤씨바이오,2,"K컬처,코스닥",3.57
009540,HD한국조선해양,2,"K신재생에너지,코리아밸류업",3.55
131290,티에스이,2,"코리아밸류업,코스닥",3.55
298380,에이비엘바이오,2,"K바이오,코스닥",3.45
316140,우리금융지주,2,"Korea플러스배당,코리아밸류업",3.41
012450,한화에어로스페이스,2,"코리아밸류업,코스피",2.88
010120,LS ELECTRIC,2,"K신재생에너지,코스피",2.77
031980,피에스케이홀딩스,2,"코리아밸류업,코스닥",2.66
032830,삼성생명,2,"Korea플러스배당,코스피",2.43
012330,현대모비스,2,"K신재생에너지,코리아밸류업",2.27
017670,SK텔레콤,2,"Korea플러스배당,코스피",2.26
078600,대주전자재료,2,"K신재생에너지,코스닥",2.25
000270,기아,2,"Korea플러스배당,코리아밸류업",2.24
257720,실리콘투,2,"K컬처,코스닥",2.15
028300,HLB,2,"K바이오,코스닥",2.05
079550,LIG디펜스앤에어로스페이스,2,"코리아밸류업,코스피",1.81
006800,미래에셋증권,2,"Korea플러스배당,코리아밸류업",1.69
003490,대한항공,2,"Korea플러스배당,코리아밸류업",1.63
329180,HD현대중공업,2,"코리아밸류업,코스피",1.59
006260,LS,2,"K신재생에너지,코스피",1.53
058470,리노공업,2,"코리아밸류업,코스닥",1.46
034020,두산에너빌리티,2,"코리아밸류업,코스피",1.42
319660,피에스케이,2,"코리아밸류업,코스닥",1.39
062040,산일전기,2,"코리아밸류업,코스피",1.37
491000,리브스메드,2,"K바이오,코스닥",1.24
004370,농심,2,"Korea플러스배당,K컬처",1.16
175330,JB금융지주,2,"Korea플러스배당,코리아밸류업",1.15
001040,CJ,2,"Korea플러스배당,K컬처",1.13
000150,두산,2,"Korea플러스배당,코스피",0.97
007660,이수페타시스,2,"코리아밸류업,코스피",0.95
028260,삼성물산,2,"Korea플러스배당,코스피",0.94
033780,KT&G,2,"Korea플러스배당,코리아밸류업",0.73
178320,서진시스템,1,K이노베이션,11.55
112610,씨에스윈드,1,K신재생에너지,8.65
035420,NAVER,1,K이노베이션,8.18
006730,서부T&D,1,K컬처,7.18
456160,지투지바이오,1,K바이오,6.25
009420,한올바이오파마,1,K바이오,5.86
336260,두산퓨얼셀,1,K신재생에너지,5.5
352820,하이브,1,K컬처,5.5
035760,CJ ENM,1,K컬처,5.42
263750,펄어비스,1,K컬처,5.35
119850,지엔씨에너지,1,코스닥,5.07
036930,주성엔지니어링,1,코스닥,4.99
145020,휴젤,1,K컬처,4.69
022100,포스코DX,1,K신재생에너지,4.66
122870,와이지엔터테인먼트,1,K컬처,4.52
058610,에스피지,1,코스닥,4.19
041510,에스엠,1,K컬처,4.04
035900,JYP Ent.,1,K컬처,3.97
100090,SK오션플랜트,1,K신재생에너지,3.79
241710,코스메카코리아,1,K컬처,3.44
108490,로보티즈,1,코스닥,3.38
950260,인제니아테라퓨틱스(Reg.S),1,K바이오,3.35
064290,인텍플러스,1,코스닥,3.1
237690,에스티팜,1,K바이오,3.05
000880,한화,1,K신재생에너지,2.94
071050,한국금융지주,1,Korea플러스배당,2.79
277810,레인보우로보틱스,1,코스닥,2.76
020150,롯데에너지머티리얼즈,1,K신재생에너지,2.75
039490,키움증권,1,Korea플러스배당,2.75
389470,인벤티지랩,1,K바이오,2.73
086520,에코프로,1,코스닥,2.53
458870,씨어스,1,K바이오,2.36
067310,하나마이크론,1,코스닥,2.27
214150,클래시스,1,K컬처,2.27
222800,심텍,1,코스닥,2.19
253450,스튜디오드래곤,1,K컬처,2.16
024110,기업은행,1,Korea플러스배당,2.12
084370,유진테크,1,코스닥,2.12
095340,ISC,1,코스닥,2.09
161580,필옵틱스,1,코스닥,2.08
080220,제주반도체,1,코스닥,2.03
039200,오스코텍,1,K바이오,1.93
089970,브이엠,1,코스닥,1.89
462870,시프트업,1,K컬처,1.88
131970,두산테스나,1,코스닥,1.85
138930,BNK금융지주,1,Korea플러스배당,1.78
267260,HD현대일렉트릭,1,코리아밸류업,1.73
016360,삼성증권,1,Korea플러스배당,1.58
005940,NH투자증권,1,Korea플러스배당,1.51
003530,한화투자증권,1,Korea플러스배당,1.46
059090,미코,1,코스닥,1.46
356860,티엘비,1,코스닥,1.37
140860,파크시스템스,1,코스닥,1.32
051910,LG화학,1,K신재생에너지,1.3
192820,코스맥스,1,코스피,1.29
006360,GS건설,1,코스피,1.28
010140,삼성중공업,1,K신재생에너지,1.28
247540,에코프로비엠,1,코스닥,1.28
483650,달바글로벌,1,K컬처,1.19
003470,유안타증권,1,Korea플러스배당,1.14
042700,한미반도체,1,코리아밸류업,0.99
082920,비츠로셀,1,코스닥,0.99
086280,현대글로비스,1,코리아밸류업,0.94
100790,미래에셋벤처투자,1,코스닥,0.93
397030,에이프릴바이오,1,K바이오,0.93
005387,현대차2우B,1,Korea플러스배당,0.89
171090,선익시스템,1,코스닥,0.86
000990,DB하이텍,1,코리아밸류업,0.83
033790,피노,1,코스닥,0.83
088350,한화생명,1,코스피,0.82
393890,더블유씨피,1,코스닥,0.81
440110,파두,1,코스닥,0.81
005935,삼성전자우,1,코스피,0.79
011070,LG이노텍,1,코리아밸류업,0.77
267250,HD현대,1,코리아밸류업,0.77
295310,에이치브이엠,1,코스닥,0.75
138080,오이솔루션,1,코스닥,0.69
452280,한선엔지니어링,1,코스닥,0.69
001820,삼화콘덴서,1,코스피,0.61
010170,대한광통신,1,코스닥,0.59
080580,오킨스전자,1,코스닥,0.59
327260,RF머트리얼즈,1,코스닥,0.59
099320,쎄트렉아이,1,코스닥,0.55
005290,동진쎄미켐,1,코리아밸류업,0.54
028050,삼성E&A,1,코리아밸류업,0.53
347700,스피어,1,코스닥,0.53
272210,한화시스템,1,코리아밸류업,0.52
357780,솔브레인,1,코리아밸류업,0.51
189300,인텔리안테크,1,코스닥,0.48
139130,iM금융지주,1,Korea플러스배당,0.44
375500,DL이앤씨,1,코스피,0.44
420770,기가비스,1,코스닥,0.44
089010,켐트로닉스,1,코스닥,0.43
448900,한국피아이엠,1,코스닥,0.42
417200,LS머트리얼즈,1,코스닥,0.39
443060,HD현대마린솔루션,1,코리아밸류업,0.38
124500,아이티센글로벌,1,코스닥,0.34
