종목코드,기업,현재가,주식수(M),TTM매출($M),영업이익률TTM,시총($M),ROE(E),ROIC,WACC,배당수익률,부채자본비율,fPER(사이트),PEG(사이트),52주변동,추정연도,전년도,매출(E),영업이익(E),순이익(E),"순이익(E,조정)",EPS(E),fPOR,fPER,PEG(매출)1y,PEG(영익)1y,PEG(매출)2y,PEG(영익)2y,PEG(영익)3y,영업이익률(E),전년영업이익률,매출증가율1y,영익증가율1y,목표주가,통화,환율,비고,섹터1,섹터2,종목명,보유ETF수,보유ETF,최대비중,유효PEG,Type,탈락조건,플래그,기준일
NVDA,NVIDIA,212.63,24220.0,253490.0,64.02,5150000.0,114.29,104.67,16.39,0.47,0.07,20.77,0.47,,FY 2027,FY 2026,395730.0,261760.0,230630.0,218468.70150025867,9.02,19.674511002444987,23.573170731707318,0.2831297896326202,0.23397318502757983,0.3773484519570786,0.3607735072018175,,66.1461097212746,60.382513661202175,83.25923867741038,100.75159137970707,304.73,USD,,,반도체,Stock Lists Top Stocks Corporate Actions,NVIDIA Corp,6,"글로벌AI인공지능,글로벌소비트렌드,글로벌휴머노이드로봇,나스닥100채권혼합50,미국S&P500,미국나스닥100",7.54,0.23397318502757983,통과,,,2026-08-25
AMZN,Amazon,260.58,10790.0,775680.0,12.08,2810000.0,30.56,11.94,11.33,,0.46,28.29,1.36,,FY 2026,FY 2025,828190.0,109710.0,133310.0,134579.78355975135,12.48,25.61297967368517,20.87980769230769,1.3452998769451998,0.5617110727315064,1.4007502078410428,1.024610026782226,,13.246960238592592,11.156056463761647,15.52056017407799,37.17179294823707,327.0,USD,,,인터넷·플랫폼,Stock Lists Top Analysts Top Stocks Corporate Actions,Amazon.com Inc,5,"글로벌AI인공지능,글로벌소비트렌드,나스닥100채권혼합50,미국S&P500,미국나스닥100",4.69,0.5617110727315064,탈락,PEG매출>1,,2026-08-25
META,Meta Platforms,564.71,2550.0,228250.0,38.08,1440000.0,29.85,25.4,10.38,0.37,0.43,17.46,0.91,-24.98,FY 2026,FY 2025,254190.0,88290.0,81630.0,79457.42062297462,31.16,16.309887869520896,18.122913992297818,0.6843596439368831,3.0125274995580043,0.7787684902959648,2.230056797047301,,34.733860498052636,41.43902074936558,26.4815644125989,6.015850144092227,754.84,USD,,,인터넷·플랫폼,Stock Lists Top Stocks Corporate Actions,Meta Platforms Inc,5,"글로벌AI인공지능,글로벌소비트렌드,나스닥100채권혼합50,미국S&P500,미국나스닥100",1.78,3.0125274995580043,탈락,PEG영익>1,,2026-08-25
LLY,Eli Lilly,1256.51,891.36,79670.0,49.72,1120000.0,102.29,42.24,6.72,0.55,1.62,30.57,1.45,,FY 2026,FY 2025,88180.0,41050.0,31500.0,32721.745151252275,36.71,27.28380024360536,34.22800326886407,0.9699918491585047,0.8956578828945048,1.372278909967395,0.862759265810988,,46.552506237242,45.56612457809143,35.286897821417604,38.215488215488215,1311.0,USD,,,미분류,Stock Lists Top Stocks Corporate Actions,Eli Lilly & Co,4,"글로벌바이오,나스닥100채권혼합50,미국S&P500,미국나스닥100",12.72,0.8956578828945048,탈락,fPER>30,,2026-08-25
MSFT,Microsoft,488.56,7430.0,331840.0,46.78,3630000.0,34.04,26.18,10.01,0.74,0.29,24.67,1.54,-3.51,FY 2027,FY 2026,391080.0,182160.0,146940.0,146593.86769281153,19.73,19.92753623188406,24.76229092752154,1.3870895714700788,1.4279710414518736,1.3200860419821838,1.4747702879820064,,46.578705124271245,46.78158148505304,17.8519768563163,17.340891522803403,569.56,USD,,,소프트웨어,Stock Lists Top Stocks Corporate Actions,Microsoft Corp,4,"글로벌소비트렌드,나스닥100채권혼합50,미국S&P500,미국나스닥100",5.97,1.4279710414518736,탈락,"PEG매출>1,PEG영익>1",,2026-08-25
AAPL,Apple,309.7,14590.0,466820.0,33.17,4520000.0,148.75,101.57,10.04,0.35,0.78,33.89,3.21,,FY 2026,FY 2025,477680.0,156310.0,129940.0,128725.86373910238,8.82,28.916895911969803,35.11337868480725,2.3752899339189515,2.0085275296705083,2.8505673169611145,2.6834954929517676,,32.72274325908558,31.970876585928487,14.78277585544021,17.48214956783165,326.34,USD,,,미분류,Stock Lists Top Analysts Top Stocks Corporate Actions,Apple Inc,4,"글로벌소비트렌드,나스닥100채권혼합50,미국S&P500,미국나스닥100",5.54,2.0085275296705083,탈락,"PEG매출>1,PEG영익>1,fPER>30",,2026-08-25
SNDK,Sandisk,1495.97,146.42,20250.0,61.58,219040.0,91.64,102.23,,,0.01,6.98,0.18,,FY 2027,FY 2026,48960.0,38940.0,33400.0,31348.53239035542,214.1,5.6250642013353875,6.987248949089211,0.049283103872886286,0.032916884924496584,0.10136328050748696,0.07492598598718693,,79.5343137254902,61.58024691358025,141.77777777777777,212.26944667201283,2126.0,USD,,,반도체,Stock Lists Top Analysts Top Stocks Corporate Actions,Sandisk Corp,4,"글로벌AI인공지능,나스닥100채권혼합50,미국S&P500,미국나스닥100",5.54,0.07492598598718693,통과,,기저효과(2y),2026-08-25
GOOGL,Alphabet,346.53,12230.0,445870.0,33.11,4240000.0,48.68,24.93,10.79,0.25,0.19,26.11,1.98,,FY 2026,FY 2025,497860.0,171650.0,251980.0,251930.85735722736,20.59,24.701427323041074,16.8300145701797,0.7135132676753515,0.5096796714705438,0.7341453923425935,0.9872027405762073,,34.4775639738079,32.03256876179128,23.587528547314072,33.02076875387478,428.07,USD,,,인터넷·플랫폼,Stock Lists Top Stocks Corporate Actions,Alphabet Inc,4,"글로벌소비트렌드,나스닥100채권혼합50,미국S&P500,미국나스닥100",5.19,0.5096796714705438,통과,,비지배괴리,2026-08-25
TSLA,Tesla,356.96,3950.0,103620.0,4.13,1410000.0,4.67,5.46,14.15,,0.18,183.31,6.77,,FY 2026,FY 2025,106030.0,4290.0,3840.0,6991.539668310175,1.77,328.6713286713287,201.6723163841808,17.07552300242131,,15.692727048752626,14.33312604406832,,4.04602470998774,4.597701149425287,11.810608457239269,-1.6055045871559592,390.09,USD,,,미분류,Stock Lists Top Analysts Top Stocks Corporate Actions,Tesla Inc,4,"글로벌휴머노이드로봇,나스닥100채권혼합50,미국S&P500,미국나스닥100",4.91,,탈락,"PEG매출>1,PEG영익>1,ROE<10,이익률<10,fPER>30,전년이익률<5",,2026-08-25
AMD,Advanced Micro Devices,477.67,1630.0,41310.0,15.82,778610.0,10.2,9.77,17.86,,0.06,41.12,0.63,,FY 2026,FY 2025,50810.0,14340.0,9380.0,12339.225197311953,7.57,54.29637377963738,63.1003963011889,1.351761118041548,0.22263724732683635,1.0710375874942237,0.6809041042985509,,28.22279078921472,10.796766743648961,46.68013856812934,283.4224598930481,612.29,USD,,,반도체,Stock Lists Top Stocks Corporate Actions,Advanced Micro Devices Inc,4,"글로벌AI인공지능,나스닥100채권혼합50,미국S&P500,미국나스닥100",3.23,0.6809041042985509,탈락,"PEG매출>1,fPER>30","기저효과(2y),비지배괴리",2026-08-25
HOOD,Robinhood,111.15,899.08,4930.0,46.03,99930.0,23.62,7.01,13.65,,2.4,46.96,2.35,,FY 2026,FY 2025,5170.0,2260.0,1890.0,2247.638326585695,2.5,44.216814159292035,44.46,2.839088571428573,5.465964705882347,2.1693224852792574,2.490598606780881,,43.7137330754352,46.75615212527964,15.659955257270685,8.133971291866038,119.93,USD,,,미분류,Stock Lists Top Stocks Corporate Actions,Robinhood Markets Inc,4,"글로벌AI인공지능,나스닥100채권혼합50,미국S&P500,미국나스닥100",3.19,5.465964705882347,탈락,"PEG매출>1,PEG영익>1,fPER>30",,2026-08-25
INTC,Intel,88.58,5250.0,57030.0,7.82,465030.0,-10.72,3.42,15.1,,0.49,52.52,0.76,,FY 2026,FY 2025,62990.0,9610.0,-11800.0,7927.244298938813,1.51,48.39021852237253,58.662251655629134,3.0574950690335294,,3.646871531837911,0.48727144537835826,,15.256389903159231,1.7540208136234625,19.18637653736992,936.6774541531823,114.88,USD,,기저효과→PEG(영익)1y 산출불가,반도체,Stock Lists Top Analysts Top Stocks Corporate Actions,Intel Corp,4,"글로벌AI인공지능,나스닥100채권혼합50,미국S&P500,미국나스닥100",3.06,0.48727144537835826,탈락,"PEG매출>1,ROE<10,fPER>30,전년이익률<5",기저효과(2y),2026-08-25
LITE,Lumentum Holdings,862.21,89.7,3010.0,17.79,77340.0,-240.03,16.03,12.32,,0.36,39.87,0.31,,FY 2027,FY 2026,6270.0,2570.0,1950.0,1939.3080572018418,21.62,30.09338521400778,39.880203515263645,0.3682190569967594,0.1051419270571559,0.5217481616815295,0.4192393955837116,,40.98883572567783,17.813953488372096,108.30564784053158,379.2987691160015,1148.0,USD,,,AI·전력인프라,Stock Lists Top Stocks Corporate Actions,Lumentum Holdings Inc,4,"글로벌AI인공지능,나스닥100채권혼합50,미국S&P500,미국나스닥100",2.9,0.4192393955837116,탈락,"ROE<10,fPER>30",기저효과(2y),2026-08-25
DELL,Dell Technologies,449.96,646.14,134000.0,8.44,290740.0,,23.97,11.18,0.56,,22.64,0.88,,FY 2027,FY 2026,172410.0,15840.0,10990.0,12070.013334518624,18.68,18.35479797979798,24.08779443254818,0.4645707796622253,0.29500781945480353,0.7732211000357846,0.5088377190369129,,9.187402122846702,7.6801127355997885,51.84956843403206,81.65137614678899,508.96,USD,,,AI·전력인프라,Stock Lists Top Stocks Corporate Actions,Dell Technologies Inc,4,"글로벌AI인공지능,나스닥100채권혼합50,미국S&P500,미국나스닥100",2.69,0.29500781945480353,탈락,"ROE<10,이익률<10",,2026-08-25
PLTR,Palantir,174.64,2400.0,6160.0,42.8,419670.0,38.1,363.8,12.84,,0.02,92.41,1.72,,FY 2026,FY 2025,8189.999999999999,4940.0,3860.0,3844.892349977096,1.6,84.95344129554655,109.14999999999999,1.318037735849057,0.43598158640226625,1.682172643887628,1.4457090027729327,,60.31746031746032,31.473214285714285,82.81249999999997,250.354609929078,191.68,USD,,,소프트웨어,Stock Lists Top Analysts Top Stocks Corporate Actions,Palantir Technologies Inc,4,"글로벌우주테크&방산,나스닥100채권혼합50,미국S&P500,미국나스닥100",2.27,1.4457090027729327,탈락,"PEG매출>1,PEG영익>1,fPER>30",기저효과(2y),2026-08-25
WMT,Walmart,105.03,7960.0,735840.0,4.34,835840.0,22.31,14.74,7.17,0.94,0.7,35.61,3.81,,FY 2027,FY 2026,752110.0,33730.0,22990.0,22919.348757497857,2.88,24.7803142603024,36.46875,6.6772923620025795,2.7893918269230746,7.35256657462373,3.4368007729152756,,4.4847163313876965,4.182792080318582,5.461607493409604,13.074086490110638,128.43,USD,,,미분류,Stock Lists Top Stocks Corporate Actions,Walmart Inc,4,"글로벌소비트렌드,나스닥100채권혼합50,미국S&P500,미국나스닥100",2.2,2.7893918269230746,탈락,"PEG매출>1,PEG영익>1,이익률<10,fPER>30,전년이익률<5",,2026-08-25
MSTR,Strategy,128.36,384.23,498.35,-7295.38,49320.0,-63.56,-71.75,20.89,,0.15,3.1,,-64.4,FY 2026,FY 2025,499.1,-10980.0,-9160.0,15909.677419354839,-17.44,,3.1,0.6764577046181987,,0.8640007866270791,,,-2199.959927870166,-1139.9115730360622,4.582695974687256,,232.29,USD,,기저효과→PEG(영익)1y 산출불가,금융,Stock Lists Top Stocks Corporate Actions,Strategy Inc,4,"글로벌AI인공지능,나스닥100채권혼합50,미국S&P500,미국나스닥100",2.08,,금융,영업이익·PEG 기준 부적합(별도 판단),기저효과(2y),2026-08-25
TER,Teradyne,367.72,156.34,4460.0,30.74,57490.0,36.46,38.24,14.1,0.14,0.03,37.73,1.02,,FY 2026,FY 2025,5140.0,1670.0,1400.0,1421.146796475579,9.09,34.4251497005988,40.45324532453246,0.6617736030013259,0.28064985140866294,1.0205984698428616,0.5715146827051861,,32.490272373540854,21.44294670846395,61.12852664576802,144.14133883016825,449.8,USD,,,미분류,Stock Lists Top Stocks Corporate Actions,Teradyne Inc,3,"글로벌휴머노이드로봇,나스닥100채권혼합50,미국나스닥100",6.46,0.28064985140866294,탈락,fPER>30,,2026-08-25
MU,Micron Technology,920.35,1130.0,90270.0,65.67,1040000.0,66.64,67.64,16.34,0.06,0.06,6.33,0.04,,FY 2026,FY 2025,129720.0,98090.0,82620.0,82942.35888520672,73.4,10.60250790090733,12.538828337874659,0.05075821997723139,0.013933609650492795,0.0816559481402712,0.037717031531482766,,75.61671292013568,26.243980738362758,247.03049759229538,899.8980632008156,1515.0,USD,,,반도체,Stock Lists Top Analysts Top Stocks Corporate Actions,Micron Technology Inc,3,"나스닥100채권혼합50,미국S&P500,미국나스닥100",3.97,0.037717031531482766,통과,,"기저효과(2y),비지배괴리",2026-08-25
STX,Seagate Technology,817.42,226.64,12200.0,34.65,185260.0,371.53,85.92,15.62,0.36,1.8,22.21,0.33,,FY 2027,FY 2026,18780.0,9880.0,8420.0,8109.176188495511,35.78,18.751012145748987,22.845723868082725,0.4235833300769138,0.17103966718936273,0.5256220340741748,0.25809037896121245,,52.609158679446224,34.67213114754099,53.93442622950819,133.56973995271866,1125.0,USD,,,반도체,Stock Lists Top Analysts Top Stocks Corporate Actions,Seagate Technology Holdings PLC,3,"글로벌AI인공지능,나스닥100채권혼합50,미국나스닥100",3.97,0.17103966718936273,통과,,,2026-08-25
WDC,Western Digital,444.28,360.54,12920.0,35.82,160180.0,130.85,52.9,16.42,0.13,0.13,21.67,0.31,,FY 2027,FY 2026,19190.0,9400.0,7750.0,7243.216440082831,20.09,17.040425531914895,22.11448481831757,0.455692414438059,0.2146542237081978,0.5198650135470014,0.2899993411127543,,48.98384575299635,35.8359133126935,48.529411764705884,103.02375809935205,664.92,USD,,,반도체,Stock Lists Top Stocks Corporate Actions,Western Digital Corp,3,"글로벌AI인공지능,나스닥100채권혼합50,미국나스닥100",3.63,0.2146542237081978,통과,,,2026-08-25
AAOI,Applied Optoelectronics,113.3,84.91,595.97,-11.31,9620.0,-5.45,-5.58,24.31,,0.18,49.09,,,FY 2026,FY 2025,1040.0,47.9,2.8,57.736981465136815,0.68,200.83507306889354,166.6176470588235,1.2995651762450717,,1.1767021339877684,,,4.605769230769231,-11.98104099008163,128.2103045729834,,163.4,USD,,기저효과→PEG(영익)1y 산출불가,AI·전력인프라,Stock Lists Top Stocks Corporate Actions,Applied Optoelectronics Inc,3,"글로벌AI인공지능,나스닥100채권혼합50,미국나스닥100",3.23,,탈락,"PEG매출>1,PEG산출불가,ROE<10,이익률<10,fPER>30,전년이익률<5","기저효과(2y),비지배괴리",2026-08-25
COIN,Coinbase,187.5,263.84,6040.0,7.38,49470.0,-7.85,4.06,20.06,,0.51,163.02,10.27,-41.64,FY 2026,FY 2025,5360.0,-141.51,-813.59,303.4596981965403,-2.07,,163.02,,,,,,-2.640111940298507,21.511627906976745,-22.093023255813947,,196.55,USD,,,금융,Stock Lists Top Stocks Corporate Actions,Coinbase Global Inc,3,"글로벌AI인공지능,나스닥100채권혼합50,미국나스닥100",3.09,,금융,영업이익·PEG 기준 부적합(별도 판단),,2026-08-25
AVGO,Broadcom,359.24,4760.0,75470.0,44.17,1710000.0,37.28,24.22,12.07,0.72,0.74,22.74,0.48,,FY 2026,FY 2025,106070.0,70910.0,44160.0,55359.369780648034,11.63,24.11507544775067,30.88907996560619,0.46787655737377426,0.18287944290369001,0.4771348508964091,0.44706654668315826,,66.8520788158763,41.27406479887306,66.01972139614962,168.904057641259,526.3,USD,,,반도체,Stock Lists Top Analysts Top Stocks Corporate Actions,Broadcom Inc,3,"나스닥100채권혼합50,미국S&P500,미국나스닥100",2.81,0.44706654668315826,탈락,fPER>30,"기저효과(2y),비지배괴리",2026-08-25
BE,Bloom Energy,216.51,294.53,3110.0,11.74,63770.0,22.21,22.93,24.25,,1.72,62.03,,,FY 2026,FY 2025,4130.0,651.4,653.23,798.1926931781442,2.71,97.89683758059564,79.8929889298893,0.7648523110823524,0.12555970956650572,0.96174784825798,0.5199421539569467,,15.772397094430993,4.379702970297029,104.45544554455446,636.2947891940771,275.08,USD,,,미분류,Stock Lists Top Stocks Corporate Actions,Bloom Energy Corp,3,"나스닥100채권혼합50,미국S&P500,미국나스닥100",2.02,0.5199421539569467,탈락,"fPER>30,전년이익률<5",기저효과(2y),2026-08-25
MRVL,Marvell Technology,240.48,876.93,8720.0,16.41,210880.0,16.03,6.87,16.26,0.1,0.29,52.7,1.35,,FY 2027,FY 2026,11560.0,4280.0,1680.0,3560.2661343978707,4.06,49.271028037383175,59.231527093596064,1.4394842934615777,0.2699668241680909,1.3663308022531984,1.2251155314900575,,37.0242214532872,16.361416361416364,41.14774114774116,219.40298507462686,267.82,USD,,,미분류,Stock Lists Top Stocks Corporate Actions,Marvell Technology Inc,3,"나스닥100채권혼합50,미국S&P500,미국나스닥100",1.84,1.2251155314900575,탈락,"PEG매출>1,PEG영익>1,fPER>30",기저효과(2y),2026-08-25
VRT,Vertiv Holdings Co,258.4,384.99,11480.0,19.96,99480.0,43.94,37.58,15.21,0.1,0.7,33.01,0.86,,FY 2026,FY 2025,14020.0,3320.0,2320.0,2583.24613003096,6.71,29.96385542168675,38.50968703427719,1.0394567239067434,0.5152704603177933,1.159970270395053,0.8159520987564649,,23.680456490727533,18.57282502443793,37.04789833822091,74.73684210526316,338.15,USD,,,AI·전력인프라,Stock Lists Top Stocks Corporate Actions,Vertiv Holdings Co,3,"나스닥100채권혼합50,미국S&P500,미국나스닥100",1.6,0.5152704603177933,탈락,"PEG매출>1,fPER>30",,2026-08-25
COST,Costco,964.0,443.48,293590.0,3.82,427510.0,29.15,38.44,8.84,0.61,0.25,44.33,4.1,,FY 2026,FY 2025,301570.0,11650.0,9150.0,9126.717634854771,20.58,36.696137339055795,46.841593780369294,4.8965743532506085,3.8284704207892415,5.297153765144147,4.055061807535456,,3.8631163577278906,3.7712541781717777,9.566196773724744,12.235067437379566,1077.0,USD,,,미분류,Stock Lists Top Analysts Top Stocks Corporate Actions,Costco Wholesale Corp,3,"나스닥100채권혼합50,미국S&P500,미국나스닥100",1.24,3.8284704207892415,탈락,"PEG매출>1,PEG영익>1,이익률<10,fPER>30,전년이익률<5",,2026-08-25
AMAT,Applied Materials,479.2,793.6,30840.0,31.22,380290.0,41.07,35.64,12.96,0.44,0.29,27.45,0.89,,FY 2026,FY 2025,34220.0,11330.0,10540.0,10150.06072621035,12.79,33.5648720211827,37.46677091477717,1.8169782749610743,1.1306461719317509,1.3706305495721818,0.943219950548307,,33.10929281122151,29.996475149806134,20.620373634120547,33.13748531139835,639.46,USD,,,미분류,Stock Lists Top Stocks Corporate Actions,Applied Materials Inc,3,"나스닥100채권혼합50,미국S&P500,미국나스닥100",1.12,1.1306461719317509,탈락,"PEG매출>1,PEG영익>1,fPER>30",비지배괴리,2026-08-25
GEV,GE Vernova,940.76,266.33,41370.0,6.59,250560.0,82.58,41.4,9.79,0.21,0.28,43.99,1.14,,FY 2026,FY 2025,46210.0,4680.0,8380.0,4040.345252774353,15.17,53.53846153846154,62.01450230718523,2.900358848691084,0.5224843895172299,3.528005883031849,2.71937885580598,,10.127677991776672,5.621224060940373,21.381665353296555,118.69158878504673,1239.0,USD,,,미분류,Stock Lists Top Stocks Corporate Actions,GE Vernova Inc,3,"나스닥100채권혼합50,미국S&P500,미국나스닥100",1.04,0.5224843895172299,탈락,"PEG매출>1,fPER>30",비지배괴리,2026-08-25
LRCX,Lam Research,312.91,1250.0,23230.0,35.29,391140.0,65.07,70.07,14.38,0.33,0.33,32.79,1.23,,FY 2027,FY 2026,34760.0,13820.0,11760.0,11825.07558083794,9.46,28.30246020260492,33.077167019027485,0.666420286081534,0.4826205863986217,1.0468007786485318,0.808050405198278,,39.758342922899885,35.29918209212226,49.63409384416701,68.53658536585365,371.35,USD,,,미분류,Stock Lists Top Analysts Top Stocks Corporate Actions,Lam Research Corp,3,"나스닥100채권혼합50,미국S&P500,미국나스닥100",0.55,0.4826205863986217,탈락,fPER>30,,2026-08-25
JNJ,Johnson & Johnson,272.87,2410.0,97930.0,27.69,657590.0,25.74,19.92,5.26,1.97,0.58,24.31,2.99,,FY 2026,FY 2025,101120.0,32310.000000000004,21970.0,26629.418770843262,11.05,20.35252243887341,24.69411764705882,3.3563332484508943,1.0872844776706658,3.3096183816252847,3.625318806447563,,31.952136075949372,27.95413525852001,7.357468945747958,22.71173566274214,272.5,USD,,,미분류,Stock Lists Top Stocks Corporate Actions,Johnson & Johnson,2,"글로벌바이오,미국S&P500",6.49,1.0872844776706658,탈락,"PEG매출>1,PEG영익>1",,2026-08-25
MRK,Merck & Co.,154.54,2470.0,66570.0,35.28,381720.0,6.96,14.05,4.95,2.2,1.28,17.48,2.56,,FY 2026,FY 2025,67140.0,12020.0,3260.0,6792.610327423321,2.75,31.757071547420963,56.196363636363635,17.15176338028176,,14.14012043047732,18.29970936484919,,17.90288948465892,37.640363021073675,3.276419012459608,-50.87862689006948,148.73,USD,,,미분류,Stock Lists Top Analysts Top Stocks Corporate Actions,Merck & Co Inc,2,"글로벌바이오,미국S&P500",6.0,,탈락,"PEG매출>1,PEG영익>1,ROE<10,fPER>30",비지배괴리,2026-08-25
ABT,Abbott Laboratories,115.5,1730.0,46590.0,17.68,199860.0,10.58,7.51,6.64,2.18,0.63,20.12,2.33,-12.95,FY 2026,FY 2025,50300.0,11720.0,6230.0,9551.75064935065,5.52,17.052901023890787,20.92391304347826,1.5536969266622978,0.6665760869565217,1.8967418729531438,2.4686772047483463,,23.30019880715706,20.121813670200766,13.46717798330701,31.390134529147986,119.4,USD,,,미분류,Stock Lists Top Analysts Top Stocks Corporate Actions,Abbott Laboratories,2,"글로벌바이오,미국S&P500",3.66,0.6665760869565217,탈락,PEG매출>1,,2026-08-25
SNOW,Snowflake,317.02,346.6,5030.0,-25.71,109880.0,-54.87,-16.48,11.21,,1.43,152.21,4.87,,FY 2027,FY 2026,6090.0,824.52,-988.15,672.4093117153492,1.94,133.2654150293504,163.41237113402062,5.423899978065364,,5.8671518583800575,3.4590999006024483,,13.538916256157634,-28.418803418803417,30.12820512820513,,325.31,USD,,기저효과→PEG(영익)1y 산출불가,소프트웨어,Stock Lists Top Stocks Corporate Actions,Snowflake Inc,2,"글로벌AI인공지능,미국S&P500",3.07,3.4590999006024483,탈락,"PEG매출>1,PEG영익>1,ROE<10,fPER>30,전년이익률<5",기저효과(2y),2026-08-25
CRDO,CRDO,224.47,186.48,1340.0,33.33,41860.0,34.41,73.1,22.01,,0.01,36.56,0.8,,FY 2027,FY 2026,2460.0,1240.0,1010.0,1146.874860783178,6.15,33.75806451612903,36.49918699186992,0.43668670150987227,0.2043107863401053,0.5534900814587818,0.58536709542163,,50.40650406504065,33.20970149253731,83.5820895522388,178.64542369834388,283.23,USD,,,미분류,Stock Lists Top Analysts Top Stocks Corporate Actions,Credo Technology Group Holding Ltd,2,"나스닥100채권혼합50,미국나스닥100",2.98,0.58536709542163,탈락,fPER>30,기저효과(2y),2026-08-25
MELI,MercadoLibre,1991.52,50.7,35180.0,8.26,100970.0,27.5,14.2,10.27,,1.69,46.25,1.63,-18.22,FY 2026,FY 2025,41670.0,2900.0,1990.0,1989.973738651884,39.25,34.817241379310346,50.73936305732484,1.1469954606620614,,1.4207358134219144,2.5391164570075087,,6.959443244540436,11.076497057805469,44.2367601246106,-9.375,2257.0,USD,,,인터넷·플랫폼,Stock Lists Top Analysts Top Stocks Corporate Actions,MercadoLibre Inc,2,"글로벌AI인공지능,글로벌소비트렌드",1.84,,탈락,"PEG매출>1,PEG영익>1,이익률<10,fPER>30",,2026-08-25
RKLB,Rocket Lab,67.25,598.46,769.15,-27.6,40250.0,-7.92,-5.51,18.67,,0.04,2988.89,,,FY 2026,FY 2025,953.34,-94.95,-166.88,13.466537744781508,-0.05,,2988.89,51.16669516982418,,59.38679071792066,,,-9.959720561394676,-38.0259222333001,58.414755732801616,,112.94,USD,,기저효과→PEG(영익)1y 산출불가,미분류,Stock Lists Top Analysts Top Stocks Corporate Actions,Rocket Lab Corp,2,"글로벌우주테크&방산,미국나스닥100",1.67,,탈락,"PEG매출>1,PEG산출불가,ROE<10,이익률<10,fPER>30,전년이익률<5",기저효과(2y),2026-08-25
GLW,Corning,147.35,861.39,16960.0,15.62,126930.0,16.81,11.27,10.05,0.76,0.71,39.31,1.29,,FY 2026,FY 2025,19220.0,4140.0,2270.0,2816.838140481846,3.27,30.659420289855074,45.0611620795107,1.9618550509825974,0.5744060221124441,2.146819135377795,1.4568410136412753,,21.54006243496358,14.843250159948818,22.968650031989757,78.44827586206897,191.4,USD,,,미분류,Stock Lists Top Stocks Corporate Actions,Corning Inc,2,"나스닥100채권혼합50,미국나스닥100",1.64,0.5744060221124441,탈락,"PEG매출>1,fPER>30",,2026-08-25
CRWV,CoreWeave,88.66,551.54,7590.0,-2.66,48900.0,-43.6,-0.34,,,10.27,,,-5.61,FY 2026,FY 2025,12890.0,1040.0,-2870.0,,-3.94,47.01923076923077,,,,,,,8.068269976726144,-0.3313840155945419,151.2670565302144,,144.46,USD,,기저효과→PEG(영익)1y 산출불가,미분류,Stock Lists Top Analysts Top Stocks Corporate Actions,CoreWeave Inc,2,"나스닥100채권혼합50,미국나스닥100",1.58,,탈락,"PEG매출>1,PEG산출불가,ROE<10,이익률<10,fPER>30,전년이익률<5",기저효과(2y),2026-08-25
SPCX,SpaceX,138.54,13570.0,23040.0,-14.92,1880000.0,,,,,0.31,104.05,,,FY 2026,FY 2025,44630.0,5160.0,1440.0,1221.3079255088783,0.09,364.3410852713178,1539.3333333333333,11.0706291730868,,11.180529637742595,,,11.561729778176115,-11.033743974290305,139.04659882163898,,213.5,USD,,기저효과→PEG(영익)1y 산출불가,미분류,Stock Lists Top Analysts Top Stocks Corporate Actions,Space Exploration Technologies Corp,2,"나스닥100채권혼합50,미국나스닥100",1.48,,탈락,"PEG매출>1,PEG산출불가,ROE<10,fPER>30,전년이익률<5","기저효과(2y),비지배괴리",2026-08-25
KO,The Coca-Cola Company,91.46,4300.0,50130.0,31.85,393510.0,42.05,20.1,5.81,2.32,1.16,27.06,3.66,,FY 2026,FY 2025,49720.0,16120.000000000002,14280.0,14198.370872512574,3.3,24.411290322580644,27.715151515151515,7.464406537282956,3.821639699749784,14.271970447879342,3.270507116196305,,32.42156074014482,31.351689612015022,3.7129745515227297,7.252162341982715,94.7,USD,,,미분류,Stock Lists Top Analysts Top Stocks Corporate Actions,Coca-Cola Co/The,2,"나스닥100채권혼합50,미국S&P500",1.37,3.821639699749784,탈락,"PEG매출>1,PEG영익>1",,2026-08-25
QCOM,QUALCOMM,160.6,1070.0,44070.0,23.66,171840.0,33.75,25.56,12.6,2.29,0.55,17.1,4.6,,FY 2026,FY 2025,42950.0,13200.0,13750.0,11256.26899128269,10.52,13.018181818181818,15.26615969581749,,2.3351570201380083,23.79487799717506,,,30.73341094295693,27.981029810298104,-3.0036133694670286,6.537530266343827,193.1,USD,,,반도체,Stock Lists Top Analysts Top Stocks Corporate Actions,QUALCOMM Inc,2,"글로벌AI인공지능,미국나스닥100",1.17,2.3351570201380083,탈락,"PEG매출>1,PEG영익>1",,2026-08-25
EBAY,eBay,106.23,445.0,12010.0,21.87,47270.0,46.61,28.48,10.57,1.17,1.53,17.07,1.39,,FY 2026,FY 2025,12510.0,3410.0,2009.9999999999998,2727.714393297562,6.13,13.862170087976539,17.32952691680261,1.364239353024886,0.42970153477377904,1.8001484012637725,1.6634981203802823,,27.258193445243805,21.891891891891895,12.702702702702705,40.32921810699588,116.15,USD,,,인터넷·플랫폼,Stock Lists Top Analysts Top Stocks Corporate Actions,eBay Inc,2,"글로벌AI인공지능,글로벌소비트렌드",1.12,0.42970153477377904,탈락,PEG매출>1,,2026-08-25
PEP,PepsiCo,142.4,1360.0,96900.0,16.04,194360.0,51.51,19.38,5.29,4.16,2.39,16.6,3.28,-4.83,FY 2026,FY 2025,98950.0,15900.0,10810.0,11683.438202247193,8.56,12.223899371069182,16.635514018691588,3.1126968760472153,2.7086956521739096,4.022410034156868,3.3052568195475716,,16.068721576553816,15.948046417544981,5.34440540828276,6.141522029372504,155.0,USD,,,미분류,Stock Lists Top Stocks Corporate Actions,PepsiCo Inc,2,"나스닥100채권혼합50,미국S&P500",1.06,2.7086956521739096,탈락,"PEG매출>1,PEG영익>1",,2026-08-25
ALAB,Astera Labs,282.21,173.49,1200.0,22.75,48960.0,25.83,62.97,25.37,,0.03,50.41,0.94,,FY 2026,FY 2025,1910.0,759.07,588.06,699.1559476985224,4.03,64.49998023897663,70.0272952853598,0.5645585222240611,0.20736162466297436,0.808181127702694,0.8109215730742686,,39.74188481675393,20.341806153449145,124.0390367494399,337.7061469265368,389.95,USD,,,미분류,Stock Lists Top Stocks Corporate Actions,Astera Labs Inc,2,"나스닥100채권혼합50,미국나스닥100",0.87,0.8109215730742686,탈락,fPER>30,"기저효과(2y),비지배괴리",2026-08-25
CSCO,Cisco Systems,111.04,3940.0,63330.0,25.4,437500.0,27.32,20.65,9.4,1.51,0.59,21.5,1.47,,FY 2027,FY 2026,73020.0,25550.0,16010.000000000002,20212.310878962537,5.13,17.123287671232877,21.64522417153996,1.414646075112102,0.3681518572093847,2.0667262184238817,1.6379745528589684,,34.99041358531909,25.406600347386703,15.300805305542386,58.794282162834065,136.27,USD,,,미분류,Stock Lists Top Stocks Corporate Actions,Cisco Systems Inc,2,"나스닥100채권혼합50,미국S&P500",0.7,0.3681518572093847,탈락,PEG매출>1,,2026-08-25
SIMO,Silicon Motion Technology,242.87,33.91,1310.0,16.31,8240.0,31.57,19.24,13.56,0.82,0.07,17.21,0.32,,FY 2026,FY 2025,1870.0,472.0,428.29,377.9536377485898,11.14,17.45762711864407,21.8016157989228,0.1961474343996668,0.05352602738895338,0.3321164953246517,0.1956464558090822,,25.240641711229944,10.50551584747581,111.14912548129578,407.3086844368014,349.27,USD,,,미분류,Stock Lists Top Analysts Top Stocks Corporate Actions,Silicon Motion Technology Corp,2,"나스닥100채권혼합50,미국나스닥100",0.55,0.1956464558090822,통과,,기저효과(2y),2026-08-25
RTX,RTX Corporation,209.25,1350.0,93500.0,12.29,282490.0,12.27,9.4,5.59,1.39,0.57,28.37,2.61,,FY 2026,FY 2025,96140.0,12830.0,8290.0,9774.086499402629,7.24,22.01792673421668,28.90193370165746,3.3961688673300396,1.2122430491869283,3.6540584913870386,2.452304345273811,,13.345121697524442,11.693002257336344,8.510158013544022,23.841698841698843,234.82,USD,,,미분류,Stock Lists Top Analysts Top Stocks Corporate Actions,RTX Corp,1,글로벌우주테크&방산,9.03,1.2122430491869283,탈락,"PEG매출>1,PEG영익>1",,2026-08-25
GE,GE Aerospace,345.63,1040.0,50640.0,20.24,359460.0,48.23,31.03,11.34,0.54,1.13,40.72,2.35,,FY 2026,FY 2025,50290.0,10910.0,9030.0,8226.509851575385,7.91,32.94775435380385,43.695322376738304,4.523402898865055,2.896724868052302,4.289083790628647,2.253329890495552,,21.694173792006364,20.671609245529872,9.659834278238112,15.084388185654007,404.9,USD,,,미분류,Stock Lists Top Stocks Corporate Actions,General Electric Co,1,글로벌우주테크&방산,8.36,2.896724868052302,탈락,"PEG매출>1,PEG영익>1,fPER>30",,2026-08-25
MOG-A,Moog Inc,,,,,,,,,,,,,,,,,,,,,,,,,,,,,,,,,,,실패: 404,미분류,,Moog Inc,1,글로벌우주테크&방산,6.37,,보류,컨센서스 없음,,2026-08-25
MRNA,Moderna,157.67,399.24,2230.0,-109.34,62950.0,-39.0,-75.99,9.06,,0.19,,,,FY 2026,FY 2025,2110.0,-3500.0,-3380.0,,-8.62,,,,,,,,-165.87677725118485,-158.24742268041237,8.762886597938135,,99.82,USD,,기저효과→PEG(영익)1y 산출불가,미분류,Stock Lists Top Analysts Top Stocks Corporate Actions,Moderna Inc,1,글로벌바이오,5.95,,탈락,"PEG매출>1,PEG산출불가,ROE<10,이익률<10,fPER>30,전년이익률<5",기저효과(2y),2026-08-25
TMO,Thermo Fisher,626.46,369.75,46340.0,18.99,231630.0,13.52,8.84,8.02,0.3,0.81,23.95,2.65,,FY 2026,FY 2025,47860.0,11230.0,7440.0,9287.976247485873,25.12,20.626001780943902,24.938694267515924,3.3674794441227576,0.7264372267471538,3.9794752118936207,2.577335389830918,,23.464270789803592,18.761220825852785,7.405745062836622,34.33014354066985,631.42,USD,,,미분류,Stock Lists Top Stocks Corporate Actions,Thermo Fisher Scientific Inc,1,글로벌바이오,5.34,0.7264372267471538,탈락,PEG매출>1,,2026-08-25
HWM,Howmet Aerospace,263.24,398.8,9120.0,27.32,104980.0,34.73,22.99,10.58,0.21,0.81,45.11,1.49,,FY 2026,FY 2025,10090.0,2960.0,2200.0,2129.589728004862,5.34,35.46621621621622,49.29588014981274,2.2102772349780158,1.2236977307777044,2.7681457669825167,1.6218833944913602,,29.33597621407334,25.575757575757574,22.30303030303031,40.28436018957346,337.13,USD,,,미분류,Stock Lists Top Stocks Corporate Actions,Howmet Aerospace Inc,1,글로벌우주테크&방산,4.86,1.2236977307777044,탈락,"PEG매출>1,PEG영익>1,fPER>30",,2026-08-25
GD,General Dynamics,376.23,270.15,54860.0,10.38,101640.0,17.8,14.6,5.8,1.69,0.35,21.43,2.32,,FY 2026,FY 2025,55920.0,5880.0,4660.0,4592.616218802328,17.0,17.285714285714285,22.131176470588237,3.4510187641822356,2.6076299232736586,3.9907866868748947,2.3115793058795657,,10.515021459227468,10.313986679352997,6.412940057088479,8.487084870848705,420.02,USD,,,미분류,Stock Lists Top Analysts Top Stocks Corporate Actions,General Dynamics Corp,1,글로벌우주테크&방산,4.75,2.6076299232736586,탈락,"PEG매출>1,PEG영익>1",,2026-08-25
BIIB,Biogen,221.73,147.75,10030.0,25.09,32759.999999999996,4.58,8.86,4.66,,0.44,16.51,4.1,,FY 2026,FY 2025,10440.0,2510.0,953.07,1833.5434988499526,12.41,13.051792828685258,17.867042707493955,3.212819134129369,,4.677402569111612,4.421032649698417,,24.042145593869733,28.816986855409503,5.56117290192113,-11.929824561403512,236.22,USD,,,미분류,Stock Lists Top Stocks Corporate Actions,Biogen Inc,1,글로벌바이오,4.19,,탈락,"PEG매출>1,PEG영익>1,ROE<10",,2026-08-25
LMT,Lockheed Martin,558.94,230.79,77010.0,10.89,129000.0,89.16,27.42,4.82,2.47,2.34,18.22,0.95,,FY 2026,FY 2025,80960.0,9680.0,7040.0,7034.601209432139,30.48,13.326446280991735,18.337926509186353,2.3286994661834775,0.47651340631677536,2.7715241554714845,0.7839264117497454,,11.956521739130435,9.313790806129248,7.874750166555633,38.48354792560802,632.95,USD,,,미분류,Stock Lists Top Analysts Top Stocks Corporate Actions,Lockheed Martin Corp,1,글로벌우주테크&방산,4.15,0.47651340631677536,탈락,PEG매출>1,,2026-08-25
NVS,Novartis AG,158.17,1900.0,56690.0,32.75,300520.0,30.35,18.78,6.32,1.93,1.17,17.13,,,FY 2026,FY 2025,57650.0,21800.0,13950.0,16700.833280647406,8.79,13.78532110091743,17.994311717861205,10.405486173991756,1.2260640349696836,4.483622525554343,3.9353157711764633,,37.8143972246314,33.545085583200986,1.729310040585852,14.676486059968429,157.15,USD,,,미분류,Stock Lists Top Stocks Corporate Actions,Novartis AG,1,글로벌바이오,4.04,1.2260640349696836,탈락,"PEG매출>1,PEG영익>1",,2026-08-25
NOC,Northrop Grumman,544.39,142.06,42890.0,13.36,77340.0,26.96,15.02,3.59,1.82,0.95,18.77,3.34,-8.32,FY 2026,FY 2025,44060.0,4640.0,4140.0,4118.530097907749,28.99,16.66810344827586,18.77854432562953,3.7334594050244436,,3.204895903265307,2.5033123030175854,,10.53109396277803,12.753277711561385,5.029797377830758,-13.271028037383182,647.14,USD,,,미분류,Stock Lists Top Analysts Top Stocks Corporate Actions,Northrop Grumman Corp,1,글로벌우주테크&방산,3.98,,탈락,"PEG매출>1,PEG영익>1",,2026-08-25
GILD,Gilead Sciences,148.06,1240.0,30460.0,38.88,183590.0,-20.68,34.37,5.71,2.22,2.23,16.06,2.58,,FY 2026,FY 2025,30690.0,3210.0,-4270.0,11431.50684931507,-0.42,57.19314641744548,16.06,3.782451199999997,,2.978844952803101,1.5808896545936595,,10.459433040078201,40.14945652173913,4.245923913043481,-72.84263959390863,157.41,USD,,,미분류,Stock Lists Top Stocks Corporate Actions,Gilead Sciences Inc,1,글로벌바이오,3.41,,탈락,"PEG매출>1,PEG영익>1,ROE<10",,2026-08-25
LHX,L3Harris Technologies,263.2,186.21,22930.0,12.87,49010.0,9.34,8.1,6.55,1.9,0.53,21.2,1.06,-4.71,FY 2026,FY 2025,23620.0,3810.0,2280.0,2234.498480243161,12.0,12.863517060367455,21.933333333333334,2.7410399999999973,0.624767676767677,2.9781190198153755,1.827595286880033,,16.13039796782388,12.894375857338819,8.001828989483318,35.106382978723396,341.73,USD,,,미분류,Stock Lists Top Analysts Top Stocks Corporate Actions,L3Harris Technologies Inc,1,글로벌우주테크&방산,3.41,0.624767676767677,탈락,"PEG매출>1,ROE<10",,2026-08-25
NTRA,Natera,332.04,144.14,2710.0,-10.54,47860.0,-12.54,-10.18,12.52,,0.13,,,,FY 2026,FY 2025,2910.0,-221.97,-192.94,,-1.39,,,,,,,,-7.627835051546391,-13.416017316017317,25.974025974025984,,336.74,USD,,기저효과→PEG(영익)1y 산출불가,미분류,Stock Lists Top Stocks Corporate Actions,Natera Inc,1,글로벌바이오,3.36,,탈락,"PEG매출>1,PEG산출불가,ROE<10,이익률<10,fPER>30,전년이익률<5",기저효과(2y),2026-08-25
RVTY,Revvity,124.03,111.59,2910.0,15.92,13840.0,3.21,4.39,8.67,0.23,0.46,21.77,2.12,,FY 2026,FY 2025,2850.0,818.28,283.13,596.984600499879,5.35,16.91352593244366,23.18317757009346,,0.26387834324798165,9.586515008075317,2.9381881714086564,,28.711578947368423,15.23041958041958,-0.34965034965035446,87.85555223949126,121.07,USD,,,미분류,Stock Lists Top Stocks Corporate Actions,Revvity Inc,1,글로벌바이오,3.32,0.26387834324798165,탈락,"PEG매출>1,ROE<10",,2026-08-25
BRK-B,Berkshire Hathaway Inc,,,,,,,,,,,,,,,,,,,,,,,,,,,,,,,,,,,실패: 404,미분류,,Berkshire Hathaway Inc,1,미국S&P500,3.24,,보류,컨센서스 없음,,2026-08-25
GOOG,Alphabet,343.23,12230.0,445870.0,33.11,4240000.0,48.68,24.93,10.79,0.26,0.19,25.61,,,FY 2026,FY 2025,497860.0,171650.0,251980.0,254353.05771640004,20.59,24.701427323041074,16.66974259349199,0.706718491513609,0.5048259995926321,0.7271541367666534,0.9778016236630932,,34.4775639738079,32.03256876179128,23.587528547314072,33.02076875387478,422.34,USD,,,인터넷·플랫폼,Stock Lists Top Analysts Top Stocks Corporate Actions,Alphabet Inc,1,글로벌AI인공지능,3.23,0.5048259995926321,통과,,비지배괴리,2026-08-25
DIS,Disney,111.28,1730.0,98860.0,15.61,192510.0,8.01,7.11,10.16,1.35,0.39,14.84,2.39,-6.14,FY 2026,FY 2025,101450.0,19450.0,9900.0,11919.427570093456,6.89,9.897686375321337,16.150943396226417,2.172554964253076,0.4245649112925937,2.7034272164228024,1.3447241823920992,,19.17200591424347,14.921105580853542,7.434078153129309,38.04116394606103,127.72,USD,,,미분류,Stock Lists Top Analysts Top Stocks Corporate Actions,Walt Disney Co/The,1,글로벌소비트렌드,3.2,0.4245649112925937,탈락,"PEG매출>1,ROE<10",,2026-08-25
REGN,Regeneron Pharmaceuticals,836.05,99.85,15530.0,26.87,83480.0,14.04,13.5,5.17,0.45,0.09,13.63,1.15,,FY 2026,FY 2025,16920.0,6100.0,4770.0,5346.993600861193,53.55,13.685245901639345,15.6125116713352,0.8677651835928166,0.24069288826641766,1.1706502549201858,0.9207843274866581,,36.05200945626478,25.80195258019526,17.991631799163187,64.86486486486487,840.43,USD,,,미분류,Stock Lists Top Analysts Top Stocks Corporate Actions,Regeneron Pharmaceuticals Inc,1,글로벌바이오,3.14,0.24069288826641766,통과,,,2026-08-25
TEVA,Teva Pharmaceutical,37.41,1170.0,17320.0,18.94,43770.0,9.69,15.21,7.92,,2.18,13.12,2.19,,FY 2026,FY 2025,16580.0,3980.0,1140.0,3336.128048780488,,10.99748743718593,13.12,,17.274666666666572,113.29116203702655,,,24.004825090470447,22.885283893395133,-3.939745075318657,0.75949367088608,41.4,USD,,,미분류,Stock Lists Top Analysts Top Stocks Corporate Actions,Teva Pharmaceutical Industries Ltd,1,글로벌바이오,3.06,17.274666666666572,탈락,"PEG매출>1,PEG영익>1,ROE<10",,2026-08-25
AMGN,Amgen,444.2,540.63,38100.0,33.4,240150.0,91.47,19.76,6.14,2.27,4.9,18.93,3.64,,FY 2026,FY 2025,38940.0,16960.0,8600.0,12456.226924808645,23.04,14.159787735849056,19.27951388888889,3.2352608923135437,0.41384782132549985,4.201610221315974,3.3832941340066642,,43.55418592706729,31.482993197278912,5.959183673469393,46.58599827139154,388.48,USD,,,미분류,Stock Lists Top Stocks Corporate Actions,Amgen Inc,1,글로벌바이오,3.0,0.41384782132549985,탈락,PEG매출>1,,2026-08-25
JPM,JPMorgan Chase,355.49,2660.0,186330.0,45.04,944960.0,17.79,,3.97,1.69,,14.77,1.46,,FY 2026,FY 2025,207980.0,99720.0,67530.0,64354.78241300739,24.21,9.476133172884076,14.683601817430814,1.0493627699139259,0.9873613274757308,1.8130147385348692,1.1664473553388306,,47.946917972882005,47.58015894765689,13.992874760208274,14.871558576200904,374.57,USD,,,미분류,Stock Lists Top Analysts Top Stocks Corporate Actions,JPMorgan Chase & Co,1,미국S&P500,2.99,0.9873613274757308,탈락,PEG매출>1,,2026-08-25
MEDP,Medpace Holdings,610.94,27.91,2780.0,20.97,17050.0,162.15,573.33,10.49,,0.33,33.88,2.65,,FY 2026,FY 2025,2850.0,599.94,502.56,493.96831112711556,17.7,28.419508617528418,34.516384180790965,2.728951624293787,2.840645315949586,3.6578642689371543,2.779915105762461,,21.050526315789476,21.143873517786563,12.648221343873512,12.150895427524588,581.83,USD,,,미분류,Stock Lists Top Analysts Top Stocks Corporate Actions,Medpace Holdings Inc,1,글로벌바이오,2.93,2.840645315949586,탈락,"PEG매출>1,PEG영익>1,fPER>30",,2026-08-25
CAT,Caterpillar,811.26,459.67,74730.0,18.65,372910.0,56.97,18.3,11.76,0.8,2.33,28.21,1.55,,FY 2026,FY 2025,79160.0,15110.0,12400.0,12548.927594112862,27.3,24.67968232958306,29.716483516483514,1.7359871399128097,1.0431816303099881,2.1206366866834685,0.986002152329338,,19.087923193532085,17.399023524189968,17.117916851605266,28.486394557823136,979.22,USD,,,미분류,Stock Lists Top Analysts Top Stocks Corporate Actions,Caterpillar Inc,1,미국S&P500,2.89,1.0431816303099881,탈락,"PEG매출>1,PEG영익>1",,2026-08-25
CRS,Carpenter Technology,482.45,49.56,3120.0,22.27,23910.0,25.75,22.32,11.09,0.17,0.33,35.67,1.67,,FY 2027,FY 2026,3480.0,877.98,670.88,663.1066431754587,13.38,27.232966582382286,36.0575485799701,3.124987543597408,1.3761924811874704,3.295924975433582,1.6783436220417483,,25.22931034482759,22.298076923076923,11.538461538461542,26.200948684777913,625.88,USD,,,미분류,Stock Lists Top Analysts Top Stocks Corporate Actions,Carpenter Technology Corp,1,글로벌우주테크&방산,2.87,1.3761924811874704,탈락,"PEG매출>1,PEG영익>1,fPER>30",,2026-08-25
TDG,TransDigm Group,1194.84,55.28,10010.0,46.72,66050.0,,15.42,7.61,7.53,,25.75,1.67,-15.17,FY 2026,FY 2025,10500.0,4880.0,2100.0,2276.9571658129958,41.19,13.53483606557377,29.00801165331391,1.5337769035854005,1.7916713079987994,2.0048957515266834,2.0920394767243287,,46.476190476190474,47.56511891279728,18.9127972819932,16.1904761904762,1523.0,USD,,,미분류,Stock Lists Top Analysts Top Stocks Corporate Actions,TransDigm Group Inc,1,글로벌우주테크&방산,2.83,1.7916713079987994,탈락,"PEG매출>1,PEG영익>1,ROE<10",,2026-08-25
TGT,Target,163.99,454.29,107710.0,5.05,74500.0,26.41,13.27,8.04,2.83,1.07,18.29,3.5,,FY 2027,FY 2026,109970.0,6360.0,4580.0,4588.389535947314,10.1,11.713836477987421,16.236633663366337,3.277985501440313,0.5648519035002093,3.950480116188178,1.350271368033925,,5.783395471492225,4.714640198511166,4.95323535025769,28.744939271255056,161.62,USD,,,미분류,Stock Lists Top Stocks Corporate Actions,Target Corp,1,글로벌소비트렌드,2.73,0.5648519035002093,탈락,"PEG매출>1,이익률<10,전년이익률<5",,2026-08-25
EXEL,Exelixis,56.26,247.78,2440.0,40.72,13940.0,44.39,66.0,6.49,,0.09,15.54,1.47,,FY 2026,FY 2025,2550.0,1030.0,820.64,887.045858514042,3.58,13.533980582524272,15.71508379888268,1.5851736701481678,1.0217665919346384,1.400181841360126,0.9690236676559274,,40.3921568627451,38.47844827586207,9.913793103448265,15.380306934020371,53.0,USD,,,미분류,Stock Lists Top Analysts Top Stocks Corporate Actions,Exelixis Inc,1,글로벌바이오,2.66,1.0217665919346384,탈락,"PEG매출>1,PEG영익>1",,2026-08-25
HONA,Honeywell Aerospace,161.32,316.95,17920.0,17.33,51130.0,,18.31,,,,19.53,,,FY 2026,FY 2025,18320.0,4360.0,2190.0,2472.1919166873295,7.8,11.727064220183486,20.682051282051283,3.911605351170572,0.9642670662670658,3.0377012780256223,,,23.799126637554586,20.632183908045974,5.287356321839076,21.448467966573826,218.38,USD,,,미분류,Stock Lists Top Stocks Corporate Actions,Honeywell Aerospace Inc,1,글로벌우주테크&방산,2.65,0.9642670662670658,탈락,"PEG매출>1,ROE<10",,2026-08-25
ABBV,AbbVie,265.76,1770.0,64390.0,35.56,470390.0,,17.7,5.42,2.6,,17.43,1.29,,FY 2026,FY 2025,67580.0,31280.0,13860.0,24797.42587296809,14.01,15.03804347826087,18.969307637401855,1.8071072509400288,0.3943226154546528,1.9677713288304168,0.6874655401155744,,46.28588339745487,34.53237410071942,10.497056899934588,48.106060606060595,276.59,USD,,,미분류,Stock Lists Top Analysts Top Stocks Corporate Actions,AbbVie Inc,1,글로벌바이오,2.56,0.3943226154546528,탈락,"PEG매출>1,ROE<10",,2026-08-25
TDY,Teledyne Technologies,625.32,46.36,6370.0,19.62,28990.0,9.15,8.08,8.84,,0.19,28.96,3.11,,FY 2026,FY 2025,6560.0,1290.0,979.96,1146.025714834005,24.72,22.472868217054263,25.29611650485437,3.518459841129746,2.2571919342793145,3.992902977753347,2.467408632094818,,19.664634146341463,18.954248366013072,7.189542483660127,11.206896551724132,757.25,USD,,,미분류,Stock Lists Top Analysts Top Stocks Corporate Actions,Teledyne Technologies Inc,1,글로벌우주테크&방산,2.56,2.2571919342793145,탈락,"PEG매출>1,PEG영익>1,ROE<10",,2026-08-25
ROK,Rockwell Automation,432.6,111.05,8970.0,19.85,48040.0,30.63,21.36,12.02,1.28,1.03,29.9,2.06,,FY 2026,FY 2025,9050.0,1920.0,1440.0,1466.963476652797,13.21,25.020833333333332,32.74791824375473,3.8467272979283766,0.9300408781226345,4.672537061786142,1.7536430619468515,,21.215469613259668,17.026378896882495,8.513189448441238,35.2112676056338,477.79,USD,,,미분류,Stock Lists Top Analysts Top Stocks Corporate Actions,Rockwell Automation Inc,1,글로벌휴머노이드로봇,2.4,0.9300408781226345,탈락,"PEG매출>1,fPER>30",,2026-08-25
CW,Curtiss-Wright,615.49,36.93,3650.0,19.81,22730.0,19.75,16.5,8.78,0.17,0.41,38.24,2.63,,FY 2026,FY 2025,3800.0,729.07,576.7,564.6585647207916,15.29,31.176704568834268,40.254414650098106,4.696348375844784,4.698844014275475,4.812551379977695,2.919397952573746,,19.18605263157895,19.186857142857143,8.571428571428562,8.566876135449885,806.5,USD,,,미분류,Stock Lists Top Stocks Corporate Actions,Curtiss-Wright Corp,1,글로벌우주테크&방산,2.29,4.698844014275475,탈락,"PEG매출>1,PEG영익>1,fPER>30",,2026-08-25
AXON,Axon Enterprise,617.06,81.24,3220.0,1.73,50130.0,6.22,1.18,11.67,,0.5,68.68,2.26,-19.74,FY 2026,FY 2025,3710.0,186.44,291.87,626.3609697598289,7.71,268.88006865479514,80.03372243839169,2.3924058965454726,,2.5599390891172082,3.312459287053661,,5.025336927223719,-1.066546762589928,33.453237410071935,,693.4,USD,,기저효과→PEG(영익)1y 산출불가,미분류,Stock Lists Top Analysts Top Stocks Corporate Actions,Axon Enterprise Inc,1,글로벌우주테크&방산,2.27,3.312459287053661,탈락,"PEG매출>1,PEG영익>1,ROE<10,이익률<10,fPER>30,전년이익률<5",기저효과(2y),2026-08-25
BAX,Baxter International,26.36,517.0,11470.0,8.12,13630.0,-14.37,6.8,5.4,0.15,1.56,12.48,,,FY 2026,FY 2025,11620.0,1580.0,372.0,1059.9962063732928,2.05,8.626582278481013,12.858536585365854,3.8034197689345253,0.2476458897922313,4.7256862161988415,,,13.59724612736661,9.252669039145907,3.380782918149472,51.92307692307692,28.73,USD,,,미분류,Stock Lists Top Stocks Corporate Actions,Baxter International Inc,1,글로벌바이오,2.27,0.2476458897922313,탈락,"PEG매출>1,ROE<10",,2026-08-25
GPCR,Structure Therapeutics,49.78,71.31,,,3550.0,-20.21,-15.65,-4.03,,0.0,,,,FY 2026,FY 2025,38.46,-445.89,-308.52,,-1.55,,,,,,,,-1159.3603744149766,,,,104.77,USD,,기저효과→PEG(영익)1y 산출불가,미분류,Stock Lists Top Analysts Top Stocks Corporate Actions,Structure Therapeutics Inc,1,글로벌바이오,2.27,,탈락,"PEG매출>1,PEG산출불가,ROE<10,이익률<10,fPER>30,전년이익률<5",기저효과(2y),2026-08-25
ILMN,Illumina,225.56,151.0,4490.0,19.65,34060.0,32.34,17.35,11.66,,0.89,39.56,3.62,,FY 2026,FY 2025,4620.0,1090.0,760.34,809.3704557545664,5.36,31.24770642201835,42.082089552238806,6.52272388059702,1.654721077868576,6.612211493584122,3.431226353390637,,23.593073593073594,20.023041474654377,6.451612903225801,25.43153049482163,198.89,USD,,,미분류,Stock Lists Top Stocks Corporate Actions,Illumina Inc,1,글로벌바이오,2.12,1.654721077868576,탈락,"PEG매출>1,PEG영익>1,fPER>30",,2026-08-25
ICLR,ICLR,170.25,77.15,8290.0,3.09,13140.0,0.29,0.67,8.96,,0.38,15.6,2.44,-3.09,FY 2026,FY 2025,8119.999999999999,1160.0,453.54,817.342731277533,10.59,11.327586206896552,16.076487252124647,,0.09367933984114765,15.683621948920678,,,14.285714285714288,5.176727272727272,-1.575757575757586,171.61187599512974,185.56,USD,,,미분류,Stock Lists Top Analysts Top Stocks Corporate Actions,ICON PLC,1,글로벌바이오,2.11,,탈락,"PEG매출>1,PEG산출불가,ROE<10",기저효과(2y),2026-08-25
CVX,Chevron,201.13,1960.0,209380.0,13.01,394540.0,12.23,8.22,6.56,3.54,0.19,13.07,0.97,,FY 2026,FY 2025,228310.0,45610.0,30480.0,31268.17282354696,15.94,8.650295987721991,12.617942283563362,0.5336470551213868,0.07950476142216659,1.7298547129040054,0.36293949991349583,,19.97722394989269,9.547793122122936,23.644733279176823,158.70674985819625,217.88,USD,,,미분류,Stock Lists Top Analysts Top Stocks Corporate Actions,Chevron Corp,1,미국S&P500,2.06,0.36293949991349583,통과,,기저효과(2y),2026-08-25
IBM,IBM,232.09,942.13,69100.0,18.47,218660.0,34.46,13.96,6.8,2.91,1.89,18.05,2.67,-4.15,FY 2026,FY 2025,70380.0,14970.0,9870.0,11607.097246757723,12.32,14.606546426185705,18.838474025974026,4.480107520120735,1.0116661370544346,4.588235872208527,2.8725765432528125,,21.270247229326515,18.68522357121706,4.204915605567061,18.621236133122032,244.91,USD,,,소프트웨어,Stock Lists Top Analysts Top Stocks Corporate Actions,International Business Machines Corp,1,글로벌AI인공지능,2.03,1.0116661370544346,탈락,"PEG매출>1,PEG영익>1",,2026-08-25
ROIV,Roivant Sciences,36.45,722.32,7.53,-18102.46,26330.0,-8.52,-118.82,10.4,,0.02,,,,FY 2027,FY 2026,48.09,-1390.0,-975.08,,-1.58,,,,,,,,-2890.413807444375,-15496.36803874092,482.20338983050857,,41.82,USD,,기저효과→PEG(영익)1y 산출불가,미분류,Stock Lists Top Stocks Corporate Actions,Roivant Sciences Ltd,1,글로벌바이오,2.02,,탈락,"PEG매출>1,PEG산출불가,ROE<10,이익률<10,fPER>30,전년이익률<5",기저효과(2y),2026-08-25
IONS,Ionis Pharmaceuticals,63.49,166.18,874.09,-68.0,10550.0,-105.5,-72.03,5.88,,4.98,,,,FY 2026,FY 2025,913.4,-590.45,-602.43,,-2.59,,,,,,,,-64.6430917451281,-40.444628116688385,-3.2117917580612776,,88.0,USD,,기저효과→PEG(영익)1y 산출불가,미분류,Stock Lists Top Stocks Corporate Actions,Ionis Pharmaceuticals Inc,1,글로벌바이오,1.96,,탈락,"PEG매출>1,PEG산출불가,ROE<10,이익률<10,fPER>30,전년이익률<5",기저효과(2y),2026-08-25
CRM,Salesforce,206.55,819.0,42830.0,21.87,169160.0,16.91,11.07,8.7,0.85,1.24,15.0,0.93,-16.7,FY 2027,FY 2026,46110.0,15840.0,7100.0,11580.355361897846,14.14,10.679292929292929,14.607496463932108,1.3245618518495639,0.18829316251195724,1.417568371809505,1.2883581342895578,,34.35263500325309,21.4784493137491,11.028172405490011,77.57847533632287,242.64,USD,,,소프트웨어,Stock Lists Top Stocks Corporate Actions,Salesforce Inc,1,글로벌AI인공지능,1.93,0.18829316251195724,탈락,PEG매출>1,,2026-08-25
BMY,BMY,67.84,2040.0,49190.0,31.79,138390.0,46.6,21.68,4.87,3.72,2.02,10.48,,,FY 2026,FY 2025,49850.0,17720.0,11180.0,14177.631191037737,6.95,7.8098194130925505,9.76115107913669,2.833673918696371,0.5477899710082682,,2.9763636846429518,,35.54663991975928,31.209794563187383,3.4446980701390295,17.819148936170205,66.21,USD,,,미분류,Stock Lists Top Analysts Top Stocks Corporate Actions,Bristol-Myers Squibb Co,1,글로벌바이오,1.9,0.5477899710082682,탈락,PEG매출>1,,2026-08-25
UNH,UnitedHealth Group,397.59,897.59,450530.0,5.35,356870.0,14.15,11.37,7.18,2.33,0.69,18.73,1.47,,FY 2026,FY 2025,446530.0,23889.355,16680.0,17781.117985864836,19.81,14.93845271251568,20.070166582534075,,0.9484023804174346,15.872758664991927,1.1700833719269053,,5.35,5.35,-0.31922493079739045,21.162079510703347,475.23,USD,,영익 컨센 없음→TTM 이익률 대용,미분류,Stock Lists Top Stocks Corporate Actions,UnitedHealth Group Inc,1,미국S&P500,1.87,0.9484023804174346,탈락,"PEG매출>1,이익률<10",,2026-08-25
BKNG,Booking Holdings,213.12,751.38,28240.0,34.85,160130.0,,92.45,9.43,0.79,,19.16,1.15,-6.94,FY 2026,FY 2025,29260.0,10370.0,8090.0,7851.7196884384375,10.45,15.441658630665382,20.394258373205744,2.3462112624217917,2.199335363201393,2.2547829452415518,1.235273015509844,,35.440874914559124,35.25260029717682,8.692421991084686,9.272918861959955,237.81,USD,,,미분류,Stock Lists Top Stocks Corporate Actions,Booking Holdings Inc,1,글로벌소비트렌드,1.77,2.199335363201393,탈락,"PEG매출>1,PEG영익>1,ROE<10",,2026-08-25
ALNY,Alnylam Pharmaceuticals,240.34,133.81,4800.0,20.81,32159.999999999996,96.55,96.6,5.93,,2.21,28.78,,-47.33,FY 2026,FY 2025,5490.0,1210.0,914.91,1193.5890821336438,8.92,26.57851239669421,26.943946188340806,0.5615844963974405,0.1907702285247167,0.732757683076522,0.4691807310697264,,22.040072859744992,13.519676549865228,47.97843665768193,141.23768890306633,370.2,USD,,,미분류,Stock Lists Top Analysts Top Stocks Corporate Actions,Alnylam Pharmaceuticals Inc,1,글로벌바이오,1.73,0.1907702285247167,통과,,,2026-08-25
ATI,ATI Inc.,212.97,136.17,4720.0,16.05,29000.0,25.36,18.44,9.39,,1.1,38.78,1.19,,FY 2026,FY 2025,5150.0,988.65,666.13,698.5490914213269,5.13,29.332928741212765,41.514619883040936,3.4027161654135316,0.8261490967198227,3.861447728510014,1.0767592640113048,,19.197087378640777,14.335511982570806,12.200435729847502,50.25075987841945,248.44,USD,,,미분류,Stock Lists Top Analysts Top Stocks Corporate Actions,ATI Inc,1,글로벌우주테크&방산,1.72,0.8261490967198227,탈락,"PEG매출>1,fPER>30",,2026-08-25
ABNB,Airbnb,190.1,589.59,13160.0,20.81,112080.0,34.54,16.81,10.31,,0.32,34.19,1.8,,FY 2026,FY 2025,14150.0,3160.0,3170.0,3113.005786428196,5.28,35.46835443037975,36.003787878787875,2.3072584483579264,1.474993890518084,2.679720261637987,1.5364495718597824,,22.3321554770318,20.751633986928105,15.604575163398682,24.409448818897637,176.76,USD,,,미분류,Stock Lists Top Analysts Top Stocks Corporate Actions,Airbnb Inc,1,글로벌소비트렌드,1.7,1.474993890518084,탈락,"PEG매출>1,PEG영익>1,fPER>30",,2026-08-25
NOW,ServiceNow,127.04,1030.0,14730.0,12.39,131340.0,14.24,10.28,8.85,,0.68,28.26,1.16,-28.36,FY 2026,FY 2025,16219.999999999998,5110.0,1640.0,4207.759760705289,4.07,25.702544031311156,31.213759213759214,1.4099276270704852,0.2007315705064901,1.5279551887879508,1.6030261356722073,,31.50431565967941,15.060240963855422,22.138554216867455,155.50000000000003,142.23,USD,,,소프트웨어,Stock Lists Top Stocks Corporate Actions,ServiceNow Inc,1,글로벌AI인공지능,1.69,1.6030261356722073,탈락,"PEG매출>1,PEG영익>1,fPER>30",기저효과(2y),2026-08-25
NEE,NextEra Energy,84.03,2090.0,28700.0,29.4,175270.0,11.68,3.17,5.79,2.96,1.62,20.67,2.69,,FY 2026,FY 2025,31030.0,9122.82,8650.0,8447.500892538379,4.05,19.21226112101302,20.74814814814815,1.5710130959688975,2.2639891067538116,1.6730486013630204,2.298564521989792,,29.4,29.4,13.206858810653044,9.164420485175206,98.39,USD,,영익 컨센 없음→TTM 이익률 대용,미분류,Stock Lists Top Analysts Top Stocks Corporate Actions,NextEra Energy Inc,1,미국S&P500,1.57,2.2639891067538116,탈락,"PEG매출>1,PEG영익>1",,2026-08-25
NEM,Newmont,133.7,1050.0,25770.0,55.18,140390.0,25.91,27.93,6.8,0.78,0.16,13.06,0.87,,FY 2026,FY 2025,26690.0,14720.0,10350.0,9880.85190725505,9.41,9.537364130434783,14.20828905419766,0.8012485394494051,0.42165299861648586,1.0974484130170772,0.594049995768938,,55.151742225552645,48.566387295985884,17.73268636965153,33.69663941871026,132.44,USD,,,미분류,Stock Lists Top Stocks Corporate Actions,Newmont Corp,1,미국S&P500,1.46,0.42165299861648586,통과,,,2026-08-25
VTRS,Viatris,16.63,1150.0,14740.0,10.64,19120.0,-2.75,5.89,6.5,2.88,0.96,6.56,1.78,,FY 2026,FY 2025,14780.0,4050.0,-27.26,2874.3235117257973,2.5,4.720987654320988,6.651999999999999,1.9817416666666627,0.02901404255319149,2.6389720560142162,1.0092113412359727,,27.40189445196211,8.6013986013986,3.356643356643363,229.2682926829268,18.5,USD,,,미분류,Stock Lists Top Stocks Corporate Actions,Viatris Inc,1,글로벌바이오,1.4,1.0092113412359727,탈락,"PEG매출>1,PEG영익>1,ROE<10",기저효과(2y),2026-08-25
CMCSA,Comcast,27.27,3550.0,124900.0,14.66,96810.0,11.49,8.15,5.84,4.84,1.0,7.68,,-20.09,FY 2026,FY 2025,120640.0,17990.0,10720.0,12496.193619361937,3.52,5.381322957198444,7.747159090909091,,,,,,14.912135278514588,16.708431008002584,-2.481610217444019,-12.965650701499754,30.08,USD,,,미분류,Stock Lists Top Analysts Top Stocks Corporate Actions,Comcast Corp,1,글로벌소비트렌드,1.38,,탈락,"PEG매출>1,PEG영익>1",,2026-08-25
HON,Honeywell International,215.66,316.94,38060.0,18.73,68350.0,46.58,13.48,7.27,1.3,1.85,23.3,1.52,-2.13,FY 2026,FY 2025,20160.0,3830.0,2000.0,2633.722062505796,8.31,17.845953002610965,25.951865222623343,,,,,,18.998015873015873,18.91025641025641,-46.15384615384615,-45.90395480225988,263.85,USD,,,미분류,Stock Lists Top Analysts Top Stocks Corporate Actions,Honeywell International Inc,1,글로벌우주테크&방산,1.38,,탈락,"PEG매출>1,PEG영익>1",,2026-08-25
ROP,Roper Technologies,410.95,98.9,8280.0,27.97,40640.0,13.07,6.66,7.13,0.89,0.61,17.67,2.44,-23.42,FY 2026,FY 2025,8570.0,2420.0,2530.0,2197.3982236281786,22.22,16.793388429752067,18.494599459945995,2.1807065034861695,2.3015501550155033,2.544816030374702,1.8124220802460145,,28.23803967327888,28.354430379746837,8.481012658227849,8.03571428571428,445.2,USD,,,소프트웨어,Stock Lists Top Analysts Top Stocks Corporate Actions,Roper Technologies Inc,1,글로벌AI인공지능,1.38,2.3015501550155033,탈락,"PEG매출>1,PEG영익>1",,2026-08-25
TTWO,TTWO,234.2,186.98,6690.0,-1.39,43790.0,-9.04,-2.03,9.29,,0.82,28.91,1.06,,FY 2027,FY 2026,8520.0,1570.0,258.3,1284.5315969257047,6.87,27.89171974522293,34.090247452692864,1.2206507958867443,,1.930379838919724,0.5827486617029705,,18.427230046948356,-1.1936936936936937,27.927927927927932,,286.89,USD,,기저효과→PEG(영익)1y 산출불가,미분류,Stock Lists Top Stocks Corporate Actions,Take-Two Interactive Software Inc,1,글로벌소비트렌드,1.38,0.5827486617029705,탈락,"PEG매출>1,ROE<10,fPER>30,전년이익률<5",기저효과(2y),2026-08-25
LYV,Live Nation Entertainment,185.65,232.96,26270.0,3.28,43250.0,17.68,13.87,8.59,,6.2,140.29,,,FY 2026,FY 2025,28120.0,1050.0,-79.49,308.2899707748236,-0.44,41.19047619047619,140.29,12.107219178082188,,13.522523707357008,,,3.733997155049787,5.238095238095238,11.58730158730159,-20.45454545454546,201.96,USD,,,미분류,Stock Lists Top Stocks Corporate Actions,Live Nation Entertainment Inc,1,글로벌소비트렌드,1.31,,탈락,"PEG매출>1,PEG영익>1,이익률<10,fPER>30",,2026-08-25
FWONK,Formula One Group,105.0,250.01,4040.0,12.48,26250.0,2.73,2.59,7.3,,0.6,44.35,,,FY 2025,FY 2024,4440.0,556.88,565.26,542.5,2.17,47.13762390461141,48.38709677419355,2.2356063699469164,1.1503967694980513,3.4081137952826985,0.38475633538617265,,12.54234234234234,10.73972602739726,21.643835616438366,42.061224489795926,120.38,USD,,,미분류,Stock Lists Top Analysts Top Stocks Corporate Actions,Liberty Media Corp-Liberty Formula One,1,글로벌소비트렌드,1.28,1.1503967694980513,탈락,"PEG매출>1,PEG영익>1,ROE<10,fPER>30",,2026-08-25
KTOS,KTOS,53.02,187.72,1520.0,1.52,9950.0,1.15,0.82,10.19,,0.06,57.27,,-20.4,FY 2026,FY 2025,1790.0,19.6,37.08,153.88532629196527,0.82,507.65306122448976,64.65853658536587,1.9838414634146344,,2.2899412064127183,1.5142084060469678,,1.094972067039106,2.051851851851852,32.592592592592595,-29.241877256317682,105.62,USD,,기저효과→PEG(영익)1y 산출불가,미분류,Stock Lists Top Analysts Top Stocks Corporate Actions,Kratos Defense & Security Solutions Inc,1,글로벌우주테크&방산,1.28,1.5142084060469678,탈락,"PEG매출>1,PEG영익>1,ROE<10,이익률<10,fPER>30,전년이익률<5",기저효과(2y),2026-08-25
WBD,Warner Bros. Discovery,28.89,2510.0,36120.0,7.53,72520.0,-8.79,4.33,10.62,,0.94,155.64,9.21,,FY 2026,FY 2025,36220.0,-1300.0,-2720.0,465.9470573117451,-1.08,,155.64,,,1056.299808922674,,,-3.5891772501380452,4.504021447721179,-2.895442359249334,,29.7,USD,,,미분류,Stock Lists Top Stocks Corporate Actions,Warner Bros Discovery Inc,1,글로벌소비트렌드,1.22,,탈락,"PEG매출>1,PEG영익>1,ROE<10,이익률<10,fPER>30,전년이익률<5",,2026-08-25
V,Visa,381.59,1840.0,44490.0,66.88,702120.0,61.19,54.82,8.24,0.7,0.68,26.45,1.83,,FY 2026,FY 2025,45760.0,30850.0,23920.0,24324.60599072303,13.22,22.759157212317668,28.864599092284415,2.0044860480753077,1.915494806099368,2.2778087693004143,2.0211827551359605,,67.41695804195804,67.025,14.399999999999991,15.069004102946671,418.92,USD,,,미분류,Stock Lists Top Analysts Top Stocks Corporate Actions,Visa Inc,1,미국S&P500,1.21,1.915494806099368,탈락,"PEG매출>1,PEG영익>1",,2026-08-25
HII,HII,290.87,39.4,13190.0,6.43,11460.0,12.97,8.25,4.98,1.9,0.55,15.11,1.05,,FY 2026,FY 2025,13330.0,758.16,734.66,730.4582803314195,18.54,15.115542893320672,15.688781014023734,2.303482200647246,,2.3794225334539574,0.9585663644688833,,5.687621905476369,6.41826923076923,6.810897435897445,-5.348314606741578,368.08,USD,,,미분류,Stock Lists Top Analysts Top Stocks Corporate Actions,Huntington Ingalls Industries Inc,1,글로벌우주테크&방산,1.16,,탈락,"PEG매출>1,PEG영익>1,이익률<10",,2026-08-25
FTAI,FTAI Aviation,200.18,102.71,3110.0,25.18,20560.0,174.46,18.37,11.91,1.0,8.65,22.38,0.6,,FY 2026,FY 2025,3900.0,847.78,591.19,584.406034568888,5.69,24.251574700983745,35.18101933216169,0.6352831548469485,3.4764229692274826,0.5882556935125877,0.5844522164650512,,21.73794871794872,30.67211155378486,55.37848605577689,10.119890371101615,368.1,USD,,,미분류,Stock Lists Top Stocks Corporate Actions,FTAI Aviation Ltd,1,글로벌우주테크&방산,1.14,3.4764229692274826,탈락,"PEG영익>1,fPER>30",비지배괴리,2026-08-25
KR,The Kroger Co.,58.24,613.0,148650.0,3.22,35700.0,13.78,14.44,5.05,2.68,3.73,11.23,1.58,-16.33,FY 2027,FY 2026,151130.0,4890.0,3150.0,3199.759615384615,5.22,7.300613496932515,11.157088122605366,4.719863869402464,3.298314176245217,5.412069920650734,1.6223912522538428,,3.2356249586448755,3.203738824166892,2.3638580330533676,3.3826638477801207,70.5,USD,,,미분류,Stock Lists Top Stocks Corporate Actions,Kroger Co/The,1,글로벌소비트렌드,1.12,3.298314176245217,탈락,"PEG매출>1,PEG영익>1,이익률<10,전년이익률<5",,2026-08-25
ACN,Accenture,186.17,611.94,73100.0,15.77,113930.0,24.41,27.09,9.62,3.5,0.25,13.01,2.05,-28.18,FY 2026,FY 2025,73590.0,11520.0,8350.0,8487.99000913144,13.87,9.889756944444445,13.422494592645998,2.38557448538175,2.173642781047893,2.7682557240202943,2.059855268157315,,15.654300856094578,15.573417539830631,5.6265250466484895,6.175115207373283,183.31,USD,,,소프트웨어,Stock Lists Top Stocks Corporate Actions,Accenture PLC,1,글로벌AI인공지능,1.07,2.173642781047893,탈락,"PEG매출>1,PEG영익>1",,2026-08-25
CCL,Carnival Corporation,25.91,1370.0,27310.0,16.25,35500.0,26.69,11.73,11.79,2.32,2.02,11.01,0.94,-17.19,FY 2026,FY 2025,27640.0,4290.0,3050.0,3069.0852952527985,2.24,8.275058275058274,11.566964285714285,3.018750875350148,,3.1359133973588618,1.3901745709619413,,15.52098408104197,16.378662659654395,3.831705484598036,-1.6055045871559592,35.55,USD,,,미분류,Stock Lists Top Stocks Corporate Actions,Carnival Corp Ltd,1,글로벌소비트렌드,1.03,,탈락,"PEG매출>1,PEG영익>1",,2026-08-25
BWXT,BWX Technologies,149.75,91.62,3510.0,10.23,13720.0,28.29,10.78,7.53,0.72,1.51,29.73,2.4,-8.09,FY 2026,FY 2025,3810.0,524.12,401.9,434.27579298831387,4.74,26.177211325650614,31.59282700421941,1.6573286297295424,0.5824729284522704,2.169182633450865,2.19068238014001,,13.756430446194226,10.6190625,19.062500000000004,54.23913363350108,234.45,USD,,,미분류,Stock Lists Top Stocks Corporate Actions,BWX Technologies Inc,1,글로벌우주테크&방산,1.0,0.5824729284522704,탈락,"PEG매출>1,fPER>30",,2026-08-25
SBUX,Starbucks,106.33,1140.0,38340.0,10.37,121190.0,,13.67,8.32,2.34,,36.48,1.86,,FY 2026,FY 2025,37990.0,4300.0,2670.0,2951.961816984858,2.59,28.183720930232557,41.054054054054056,18.844317650984266,2.436756756756757,21.112742083683578,1.9523094204269003,,11.318768096867597,9.897794513179129,2.1785906401291077,16.84782608695652,112.23,USD,,,미분류,Stock Lists Top Analysts Top Stocks Corporate Actions,Starbucks Corp,1,미국S&P500,1.0,2.436756756756757,탈락,"PEG매출>1,PEG영익>1,ROE<10,fPER>30",,2026-08-25
LIN,Linde,486.5,460.98,35450.0,28.2,224270.0,18.4,12.37,7.53,1.32,0.69,26.02,3.01,,FY 2026,FY 2025,36300.0,10800.0,7650.0,8242.441109969168,17.88,20.76574074074074,27.20917225950783,4.003635346756154,2.1365891003777446,4.688070116529592,3.0103111029890495,,29.75206611570248,28.184760223595173,6.796116504854366,12.734864300626313,547.24,USD,,,미분류,Stock Lists Top Stocks Corporate Actions,Linde PLC,1,미국S&P500,0.96,2.1365891003777446,탈락,"PEG매출>1,PEG영익>1",,2026-08-25
PSKY,Paramount Skydance,10.71,1120.0,29110.0,6.75,12000.0,-0.9,7.17,7.9,1.86,1.26,12.54,0.55,-33.25,FY 2026,FY 2025,29890.0,1730.0,444.03,627.4509803921569,0.56,6.936416184971098,19.125,5.525212500000007,,7.132847244097767,0.686663307758331,,5.787888926062228,6.5420560747663545,3.4614053305642045,-8.465608465608465,9.81,USD,,,미분류,Stock Lists Top Stocks Corporate Actions,Paramount Skydance Corp,1,글로벌소비트렌드,0.92,,탈락,"PEG매출>1,PEG영익>1,ROE<10,이익률<10",비지배괴리,2026-08-25
TKO,TKO Group,193.48,189.27,5300.0,21.44,36620.0,7.06,7.84,7.39,1.63,0.59,36.75,1.19,,FY 2026,FY 2025,5820.0,1590.0,495.13,662.4457308248915,3.5,23.031446540880502,55.279999999999994,2.4261777777777764,0.7043363187779795,4.858490409272275,1.0129909559638495,,27.31958762886598,18.793881856540086,22.78481012658229,78.4852328727142,231.16,USD,,,미분류,Stock Lists Top Stocks Corporate Actions,TKO Group Holdings Inc,1,글로벌소비트렌드,0.92,0.7043363187779795,탈락,"PEG매출>1,ROE<10,fPER>30",비지배괴리,2026-08-25
BAC,Bank of America,62.28,6990.0,113930.0,36.86,435470.0,11.2,,3.8,2.06,,12.53,0.81,,FY 2026,FY 2025,124070.0,50400.0,34050.0,32723.17919075144,4.68,8.640277777777778,13.307692307692308,1.3720145852324532,0.820988073093336,1.7911776055686603,0.7416280646471776,,40.622229386636576,38.34659593280283,9.699381078691417,16.209361309661062,68.77,USD,,,미분류,Stock Lists Top Stocks Corporate Actions,Bank of America Corp,1,미국S&P500,0.9,0.820988073093336,탈락,PEG매출>1,,2026-08-25
MS,Morgan Stanley,215.34,1570.0,77830.0,40.2,338080.0,17.97,3.43,3.9,2.14,5.17,16.38,1.5,,FY 2026,FY 2025,82660.0,27080.0,20340.0,20362.67112473298,12.97,12.484490398818316,16.602929838087896,0.9443252165190775,5.186439035136033,1.5196850899576004,1.0683503364688365,,32.76070650858941,37.32574679943101,17.581792318634413,3.2012195121951192,236.62,USD,,,미분류,Stock Lists Top Analysts Top Stocks Corporate Actions,Morgan Stanley,1,미국S&P500,0.89,5.186439035136033,탈락,PEG영익>1,,2026-08-25
ULTA,Ulta Beauty,529.08,42.99,12710.0,12.43,22740.0,47.45,26.13,8.13,,0.89,18.19,1.91,-0.01,FY 2027,FY 2026,13250.0,1650.0,1240.0,1237.4019051939213,28.79,13.781818181818181,18.37721431052449,2.6476009919464913,2.343094824591874,2.989702735571708,1.6118228588850472,,12.452830188679245,12.34866828087167,6.94108151735271,7.843137254901955,623.54,USD,,,미분류,Stock Lists Top Analysts Top Stocks Corporate Actions,Ulta Beauty Inc,1,글로벌소비트렌드,0.86,2.343094824591874,탈락,"PEG매출>1,PEG영익>1",,2026-08-25
EXPE,Expedia Group,335.91,120.02,15700.0,17.44,40320.0,89.49,256.54,10.38,0.57,2.3,15.27,0.67,,FY 2026,FY 2025,16200.0,2840.0,2270.0,2505.0710011610254,20.87,14.19718309859155,16.095352180162912,1.612819983767346,0.5112641280757629,1.886990591533216,0.6849136997551716,,17.530864197530864,14.663951120162933,9.979633401221989,31.481481481481488,336.23,USD,,,미분류,Stock Lists Top Stocks Corporate Actions,Expedia Group Inc,1,글로벌소비트렌드,0.8,0.5112641280757629,탈락,PEG매출>1,,2026-08-25
XYZ,Block,82.06,600.79,25040.0,4.88,49300.0,1.61,2.72,16.17,,0.33,17.77,0.7,,FY 2026,FY 2025,26060.0,2230.0,1040.0,2433.158664391908,4.05,22.10762331838565,20.26172839506173,2.62102251270879,0.7587370633044391,2.1475029023047,0.4222758564487205,,8.557175748273217,7.275733774286895,7.730467135179819,26.70454545454546,97.98,USD,,,미분류,Stock Lists Top Stocks Corporate Actions,Block Inc,1,글로벌소비트렌드,0.78,0.7587370633044391,탈락,"PEG매출>1,ROE<10,이익률<10",,2026-08-25
ACHR,Archer Aviation,5.97,770.02,6.9,-13544.93,4600.0,-44.47,-30.71,21.41,,0.07,,,-38.06,FY 2026,FY 2025,15.13,-1010.0,-1030.0,,-0.96,,,,,,,,-6675.4791804362185,-243100.0,4943.333333333334,,10.61,USD,,기저효과→PEG(영익)1y 산출불가,미분류,Stock Lists Top Analysts Top Stocks Corporate Actions,Archer Aviation Inc,1,글로벌우주테크&방산,0.76,,탈락,"PEG매출>1,PEG산출불가,ROE<10,이익률<10,fPER>30,전년이익률<5",기저효과(2y),2026-08-25
MTCH,Match Group,41.91,229.55,3510.0,31.27,9620.0,,25.77,9.34,1.92,,13.84,0.75,,FY 2026,FY 2025,3480.0,983.25,679.96,906.680983058936,3.95,9.783879989829646,10.610126582278479,,3.857579190873744,5.749387411749258,0.5782892561083398,,28.254310344827587,27.419197707736387,-0.2865329512893977,2.7504624162687064,41.88,USD,,,미분류,Stock Lists Top Analysts Top Stocks Corporate Actions,Match Group Inc,1,글로벌소비트렌드,0.76,3.857579190873744,탈락,"PEG매출>1,PEG영익>1,ROE<10",,2026-08-25
ETSY,"Etsy, Inc.",85.33,91.78,2940.0,14.31,7830.0,,26.36,10.45,,,14.13,1.17,,FY 2026,FY 2025,2850.0,537.3,283.07,545.0626977616314,5.94,14.57286432160804,14.365319865319863,,0.3120104393204932,8.345637942184068,0.3564083572376552,,18.852631578947367,12.774652777777778,-1.041666666666663,46.041151368541186,87.04,USD,,,미분류,Stock Lists Top Analysts Top Stocks Corporate Actions,Etsy Inc,1,글로벌소비트렌드,0.75,0.3120104393204932,탈락,"PEG매출>1,ROE<10",,2026-08-25
MSGS,Madison Square Garden Sports,406.15,24.08,1150.0,2.66,9780.0,,1.5,6.72,,,,,,FY 2027,FY 2026,1080.0,-3.6,-23.48,,-0.56,,,,,,,,-0.33333333333333337,2.672173913043478,-6.086956521739129,,480.67,USD,,기저효과→PEG(영익)1y 산출불가,미분류,Stock Lists Top Stocks Corporate Actions,Madison Square Garden Sports Corp,1,글로벌소비트렌드,0.75,,탈락,"PEG매출>1,PEG산출불가,ROE<10,이익률<10,fPER>30,전년이익률<5",기저효과(2y),2026-08-25
SPHR,Sphere Entertainment Co.,159.01,35.91,1360.0,-6.09,5710.0,-3.1,-3.21,11.77,,0.41,,,,FY 2026,FY 2025,1370.0,-91.26,-86.08,,-1.88,,,,,,,,-6.661313868613139,-12.63360655737705,12.295081967213118,,178.77,USD,,기저효과→PEG(영익)1y 산출불가,미분류,Stock Lists Top Stocks Corporate Actions,Sphere Entertainment Co,1,글로벌소비트렌드,0.75,,탈락,"PEG매출>1,PEG산출불가,ROE<10,이익률<10,fPER>30,전년이익률<5",기저효과(2y),2026-08-25
M,Macy's,22.76,263.04,22720.0,3.85,5990.0,14.36,7.48,7.26,3.35,1.06,10.1,,,FY 2027,FY 2026,21810.0,926.55,638.2,589.5254833040423,2.24,6.464842696022881,10.160714285714285,,1.7983746576329807,,23.623551693244647,,4.2482806052269595,3.87709991158267,-3.5809018567639295,5.649942987457246,22.95,USD,,,미분류,Stock Lists Top Stocks Corporate Actions,Macys Inc,1,글로벌소비트렌드,0.72,1.7983746576329807,탈락,"PEG매출>1,PEG영익>1,이익률<10,전년이익률<5",,2026-08-25
AVAV,AeroVironment,148.35,50.42,1980.0,-3.56,7480.0,-10.03,-1.55,10.86,,0.19,45.78,1.66,-38.08,FY 2027,FY 2026,2190.0,4.82,18.53,163.3650151668352,3.24,1551.8672199170123,45.78703703703703,4.317063492063495,,3.511590098141915,2.993498055580734,,0.22009132420091324,-3.5555555555555554,10.606060606060597,,225.77,USD,,기저효과→PEG(영익)1y 산출불가,미분류,Stock Lists Top Stocks Corporate Actions,AeroVironment Inc,1,글로벌우주테크&방산,0.71,2.993498055580734,탈락,"PEG매출>1,PEG영익>1,ROE<10,이익률<10,fPER>30,전년이익률<5",기저효과(2y),2026-08-25
GS,The Goldman Sachs Group,1052.52,302.77,67570.0,39.36,318670.0,16.9,2.14,2.96,1.9,7.25,14.85,1.03,,FY 2026,FY 2025,72130.0,28830.0,21570.0,21411.794930262608,70.72,11.05341657995144,14.8829185520362,0.6944582576519643,0.5032597838644459,1.317326236622656,0.740265030136111,,39.969499514765005,37.45791245791246,21.430976430976422,29.57303370786517,1142.0,USD,,,미분류,Stock Lists Top Stocks Corporate Actions,Goldman Sachs Group Inc/The,1,미국S&P500,0.68,0.5032597838644459,통과,,,2026-08-25
JOYY,JOYY Inc.,74.83,50.38,2190.0,2.71,3770.0,3.26,1.01,6.73,8.02,0.01,12.49,1.23,,FY 2026,FY 2025,2330.0,171.77,210.59,272.56047039957235,5.41,21.947953658962565,13.831792975970425,1.396352433764633,0.08296241665758548,1.3690957040475455,1.4518033398229924,,7.372103004291845,3.0377358490566038,9.905660377358494,166.72360248447205,81.08,USD,,,미분류,Stock Lists Top Analysts Top Stocks Corporate Actions,JOYY Inc,1,글로벌소비트렌드,0.65,1.4518033398229924,탈락,"PEG매출>1,PEG영익>1,ROE<10,이익률<10,전년이익률<5",기저효과(2y),2026-08-25
SNAP,Snap Inc.,5.7,1690.0,6350.0,-5.1,9630.0,-15.58,-3.26,7.65,,2.19,7.71,0.21,-21.25,FY 2026,FY 2025,6680.0,-88.36,-104.84,1030.578947368421,0.61,,9.344262295081968,0.7388196721311476,,0.7453765703891356,0.21595204632172518,,-1.322754491017964,-8.974198988195615,12.647554806070826,,7.38,USD,,기저효과→PEG(영익)1y 산출불가,미분류,Stock Lists Top Stocks Corporate Actions,Snap Inc,1,글로벌소비트렌드,0.64,0.21595204632172518,탈락,"ROE<10,이익률<10,전년이익률<5",기저효과(2y),2026-08-25
WMG,Warner Music Group,27.93,523.11,7300.0,17.18,14610.0,70.07,18.11,9.2,2.87,4.53,16.86,0.41,-17.71,FY 2026,FY 2025,7330.0,1220.0,769.47,931.1063372717508,1.78,11.975409836065573,15.691011235955056,1.698172345052555,0.7546629213483147,2.081065469936339,0.5795820820256115,,16.64392905866303,15.052160953800298,9.239940387481372,20.79207920792079,36.88,USD,,,미분류,Stock Lists Top Stocks Corporate Actions,Warner Music Group Corp,1,글로벌소비트렌드,0.64,0.7546629213483147,탈락,PEG매출>1,,2026-08-25
RUM,RUM Group,10.27,400.02,117.66,-100.96,4110.0,-18.41,-6.62,9.33,,0.35,,,,FY 2026,FY 2025,243.73,-216.44,-205.26,80.03894839337879,0.2,,51.349999999999994,0.36103954999650617,,0.3784313472557767,,,-88.80318385098265,-112.00556549393758,142.22818525144106,,,USD,,기저효과→PEG(영익)1y 산출불가,미분류,Stock Lists Top Stocks Corporate Actions,RUM Group Inc,1,글로벌소비트렌드,0.62,,탈락,"PEG산출불가,ROE<10,이익률<10,fPER>30,전년이익률<5",기저효과(2y),2026-08-25
ENTG,Entegris,139.92,152.8,3330.0,16.76,21380.0,7.67,7.01,10.72,0.29,0.86,31.24,1.11,,FY 2026,FY 2025,3570.0,880.32,412.0,598.9822755860492,3.92,24.28662304616503,35.69387755102041,3.0870380584666273,0.43912005823813116,2.9541654191451796,1.0166478075218133,,24.658823529411766,15.174999999999999,11.562500000000009,81.28500823723228,173.36,USD,,,미분류,Stock Lists Top Stocks Corporate Actions,Entegris Inc,1,미국S&P500,0.6,0.43912005823813116,탈락,"PEG매출>1,ROE<10,fPER>30",,2026-08-25
ETN,Eaton Corporation,411.95,388.4,30030.0,18.17,160000.0,19.68,10.61,9.67,1.07,1.05,27.24,2.55,,FY 2026,FY 2025,32750.0,6640.0,4290.0,5251.122709066634,13.52,24.096385542168676,30.46967455621302,1.5780991822038635,1.2051438443875302,2.0148583562243045,2.0084545559749185,,20.27480916030534,19.30783242258652,19.307832422586515,25.283018867924522,477.37,USD,,,미분류,Stock Lists Top Stocks Corporate Actions,Eaton Corp PLC,1,미국S&P500,0.55,1.2051438443875302,탈락,"PEG매출>1,PEG영익>1,fPER>30",,2026-08-25
GRND,Grindr,15.59,173.82,509.82,30.93,2710.0,108.65,32.25,5.29,,,26.6,,-1.71,FY 2026,FY 2025,542.58,149.36,91.22,104.29762668377164,0.6,18.144081414033206,25.983333333333334,1.1131737761329692,2.0030650145772597,1.2863595099784264,0.9281084268302565,,27.5277378451104,30.054557854057744,23.34166856103661,12.971787308070493,20.8,USD,,,미분류,Stock Lists Top Stocks Corporate Actions,Grindr Inc,1,글로벌소비트렌드,0.55,2.0030650145772597,탈락,"PEG매출>1,PEG영익>1",,2026-08-25
CEG,Constellation Energy,276.99,354.31,31270.0,15.05,98140.0,15.05,7.43,8.72,0.62,0.76,22.4,1.39,-10.85,FY 2026,FY 2025,35130.0,5287.065,4500.0,4294.222896133434,12.12,18.562283611039398,22.853960396039607,0.6077725092821783,0.786075780654989,1.1776894102678421,1.1908404691471173,,15.049999999999999,15.049999999999999,37.60282021151586,29.073482428115007,347.4,USD,,영익 컨센 없음→TTM 이익률 대용,미분류,Stock Lists Top Analysts Top Stocks Corporate Actions,Constellation Energy Corp,1,미국S&P500,0.54,0.786075780654989,통과,,,2026-08-25
DUOL,Duolingo,145.34,46.79,1150.0,14.26,6800.0,34.42,78.85,8.98,,0.06,55.68,,-56.23,FY 2026,FY 2025,1210.0,131.7,138.46,310.19677996422183,6.63,51.6324981017464,21.92156862745098,1.3410841983852357,,1.5271698460540228,,,10.884297520661155,13.580769230769233,16.346153846153854,-6.75446049277827,127.07,USD,,,미분류,Stock Lists Top Analysts Top Stocks Corporate Actions,Duolingo Inc,1,글로벌소비트렌드,0.54,,탈락,"PEG매출>1,PEG영익>1",비지배괴리,2026-08-25
TAL,TAL Education Group,11.61,554.65,3190.0,12.5,6440.0,23.71,23.94,4.77,,0.1,12.84,0.59,,FY 2027,FY 2026,3740.0,526.19,810.91,732.1963824289406,1.32,12.238925103099639,8.795454545454545,0.36266189290161904,0.09705765631530172,0.41261930588781776,1.0096416940432094,,14.069251336898397,9.17076411960133,24.252491694352152,90.62092450369512,16.01,USD,,,미분류,Stock Lists Top Analysts Top Stocks Corporate Actions,TAL Education Group,1,글로벌소비트렌드,0.53,0.09705765631530172,통과,,비지배괴리,2026-08-25
LRN,Stride,84.99,41.16,2520.0,17.9,3500.0,21.74,26.56,4.38,,0.33,9.74,,-48.7,FY 2027,FY 2026,2570.0,467.2,344.94,359.51288386869044,8.73,7.491438356164384,9.735395189003436,4.906639175257749,2.6709824037413683,3.114577406595251,1.7546439227087498,,18.17898832684825,17.88769841269841,1.984126984126977,3.644874326153036,109.0,USD,,,미분류,Stock Lists Top Stocks Corporate Actions,Stride Inc,1,글로벌소비트렌드,0.52,2.6709824037413683,탈락,"PEG매출>1,PEG영익>1",,2026-08-25
VZ,Verizon,50.3,4150.0,138900.0,23.07,208740.0,15.84,8.27,4.26,5.63,1.84,9.89,1.36,,FY 2026,FY 2025,140910.0,32530.0,18710.0,20791.00198807157,5.01,6.416845988318475,10.039920159680639,5.100796201714228,3.6109485574306044,5.1882984241779475,1.707995223183582,,23.08565751188702,22.903249149721397,1.9683045082856898,2.7804107424960423,51.56,USD,,,미분류,Stock Lists Top Analysts Top Stocks Corporate Actions,Verizon Communications Inc,1,미국S&P500,0.52,3.6109485574306044,탈락,"PEG매출>1,PEG영익>1",,2026-08-25
CRWD,CrowdStrike,186.35,1020.0,5090.0,-3.15,189750.0,-0.25,-31.88,11.0,,0.18,146.09,5.16,,FY 2027,FY 2026,5940.0,1470.0,175.09,1252.441642071371,1.23,129.08163265306123,151.5040650406504,6.44897834376574,,6.70320556394346,5.062001687039697,,24.747474747474747,-5.166735966735967,23.49272349272349,,210.54,USD,,기저효과→PEG(영익)1y 산출불가,미분류,Stock Lists Top Stocks Corporate Actions,Crowdstrike Holdings Inc,1,미국S&P500,0.5,5.062001687039697,탈락,"PEG매출>1,PEG영익>1,ROE<10,fPER>30,전년이익률<5",기저효과(2y),2026-08-25
MSGE,MSGE,79.9,47.31,1060.0,15.8,3780.0,407.54,11.27,6.11,,25.67,33.11,1.07,,FY 2027,FY 2026,1130.0,189.18,116.07,130.5732165206508,2.76,19.980970504281636,28.949275362318843,4.383747412008276,2.242464672656739,5.2552384366504015,1.0525908626217244,,16.741592920353984,15.806603773584907,6.60377358490567,12.90957923008056,91.63,USD,,,미분류,Stock Lists Top Analysts Top Stocks Corporate Actions,Madison Square Garden Entertainment Corp,1,글로벌소비트렌드,0.48,2.242464672656739,탈락,"PEG매출>1,PEG영익>1",,2026-08-25
PANW,Palo Alto Networks,343.2,815.0,10610.0,9.12,279710.0,4.83,3.65,9.1,,0.08,89.62,5.14,,FY 2026,FY 2025,11420.0,3330.0,904.57,3080.7220279720277,3.78,83.996996996997,90.7936507936508,3.8050793650793655,0.42986374490799273,4.031912063076883,8.205831483962552,,29.15936952714536,11.605206073752711,23.86117136659436,211.21495327102804,362.71,USD,,,미분류,Stock Lists Top Analysts Top Stocks Corporate Actions,Palo Alto Networks Inc,1,미국S&P500,0.47,8.205831483962552,탈락,"PEG매출>1,PEG영익>1,ROE<10,fPER>30",기저효과(2y),2026-08-25
WFC,Wells Fargo & Company,84.31,3020.0,83030.0,32.79,254950.0,12.58,,3.23,2.37,,11.4,0.84,,FY 2026,FY 2025,88930.0,33040.0,22370.0,21772.506227019334,7.2,7.716404358353511,11.709722222222222,1.8740033460803047,0.8084750797448167,2.1784529178760574,0.9846758755484639,,37.15281682221973,34.48028673835125,6.24850657108722,14.483714483714483,100.24,USD,,,미분류,Stock Lists Top Analysts Top Stocks Corporate Actions,Wells Fargo & Co,1,미국S&P500,0.46,0.8084750797448167,탈락,PEG매출>1,,2026-08-25
CHWY,Chewy,24.43,409.42,12840.0,2.38,10000.0,63.82,81.7,11.49,,1.23,15.28,0.53,-38.26,FY 2027,FY 2026,13490.0,431.62,323.2,626.2791649611133,1.53,23.16852787173903,15.967320261437909,2.2605419695968285,,2.2759094542393434,0.7967977707386104,,3.199555226093403,2.018253968253968,7.063492063492061,69.72866692882423,30.77,USD,,기저효과→PEG(영익)1y 산출불가,미분류,Stock Lists Top Analysts Top Stocks Corporate Actions,Chewy Inc,1,글로벌소비트렌드,0.44,0.7967977707386104,탈락,"PEG매출>1,이익률<10,전년이익률<5",기저효과(2y),2026-08-25
KLAC,KLA Corporation,181.97,1310.0,13580.0,41.69,238380.0,87.5,66.75,12.06,0.5,0.97,33.32,1.65,,FY 2027,FY 2026,18100.0,8400.0,7010.0,7139.479035005771,5.45,28.37857142857143,33.38899082568807,1.0031471137452301,0.6897141900488848,1.3464751287589851,1.0277185479048925,,46.408839779005525,41.67893961708395,33.28424153166421,48.40989399293287,231.78,USD,,,미분류,Stock Lists Top Stocks Corporate Actions,KLA Corp,1,미국나스닥100,0.42,0.6897141900488848,탈락,"PEG매출>1,fPER>30",,2026-08-25
CVS,CVS Health,93.14,1280.0,412650.0,2.95,119120.0,6.21,7.17,5.93,2.86,0.96,11.55,1.09,,FY 2026,FY 2025,417730.0,16760.0,8800.0,10167.532746403263,7.95,7.107398568019093,11.715723270440252,2.6169260531956064,,3.2013499161896606,0.9538384762876905,,4.012160965216767,2.506065077658005,4.476902683640538,67.26546906187625,116.08,USD,,기저효과→PEG(영익)1y 산출불가,미분류,Stock Lists Top Stocks Corporate Actions,CVS Health Corp,1,미국S&P500,0.41,0.9538384762876905,탈락,"PEG매출>1,ROE<10,이익률<10,전년이익률<5",기저효과(2y),2026-08-25
LOPE,Grand Canyon Education,148.08,25.73,1140.0,27.77,3810.0,30.98,46.35,7.23,,0.16,13.66,0.92,-28.11,FY 2026,FY 2025,1170.0,330.74,260.03,263.2111021069692,10.23,11.519622664328475,14.475073313782993,2.677888563049859,1.6012323988098665,2.542269095966518,1.2419046393302808,,28.268376068376067,27.326126126126127,5.405405405405395,9.03995780034288,195.0,USD,,,미분류,Stock Lists Top Analysts Top Stocks Corporate Actions,Grand Canyon Education Inc,1,글로벌소비트렌드,0.4,1.6012323988098665,탈락,"PEG매출>1,PEG영익>1",,2026-08-25
CVNA,Carvana Co.,75.81,1110.0,25060.0,8.93,84150.0,58.77,29.73,22.3,,1.11,36.97,1.26,,FY 2026,FY 2025,28940.0,2570.0,1300.0,1809.3193510091016,1.63,32.7431906614786,46.50920245398773,1.0963654221172052,1.267207255268072,1.4049642966362952,2.9735932170678985,,8.880442294402211,9.251968503937007,42.421259842519675,36.70212765957446,82.98,USD,,,미분류,Stock Lists Top Analysts Top Stocks Corporate Actions,Carvana Co,1,글로벌소비트렌드,0.39,1.267207255268072,탈락,"PEG매출>1,PEG영익>1,이익률<10,fPER>30",,2026-08-25
VLO,Valero Energy,345.66,287.93,132430.0,7.92,99530.0,27.64,25.15,6.94,1.39,0.4,8.28,0.42,,FY 2026,FY 2025,148260.0,16860.0,12090.0,12502.437655499623,43.42,5.903321470937129,7.960847535697836,0.2855757002750021,0.0311340076891153,1.6343300439989856,0.11437439421310866,,11.371914204775395,4.088321545627049,27.87648783853718,255.69620253164555,312.53,USD,,,미분류,Stock Lists Top Analysts Top Stocks Corporate Actions,Valero Energy Corp,1,미국S&P500,0.38,0.11437439421310866,탈락,전년이익률<5,기저효과(2y),2026-08-25
ASO,ASO,44.0,62.02,6140.0,8.17,2730.0,18.85,10.48,6.42,1.36,0.92,6.72,0.62,-18.31,FY 2027,FY 2026,6320.0,544.72,400.82,400.1931818181818,6.45,5.011749155529446,6.821705426356589,1.52856732701694,0.7069017149990444,1.432342912183921,0.6896587386516156,,8.618987341772153,8.211239669421486,4.46280991735537,9.650146946334415,60.05,USD,,,미분류,Stock Lists Top Analysts Top Stocks Corporate Actions,Academy Sports & Outdoors Inc,1,글로벌소비트렌드,0.35,0.7069017149990444,탈락,"PEG매출>1,이익률<10",,2026-08-25
PLTK,Playtika Holding,2.41,381.42,2830.0,16.46,919.22,,17.09,6.0,8.3,,3.27,,-35.29,FY 2026,FY 2025,2780.0,349.04,159.84,354.7197510373444,0.93,2.6335663534265414,2.5913978494623655,3.5761290322580486,,4.781094013112364,1.0839150436979317,,12.555395683453238,15.757246376811592,0.7246376811594235,-19.742469533226014,4.9,USD,,,미분류,Stock Lists Top Stocks Corporate Actions,Playtika Holding Corp,1,글로벌소비트렌드,0.27,,탈락,"PEG매출>1,PEG영익>1,ROE<10",,2026-08-25
