종목코드,기업,현재가,주식수(M),TTM매출($M),시총($M),ROE(E),ROIC,WACC,배당수익률,부채자본비율,fPER(사이트),PEG(사이트),52주변동,추정연도,전년도,매출(E),영업이익(E),순이익(E),"순이익(E,조정)",EPS(E),EPS(FY2),fPOR,fPER,PEG(매출)1y,PEG(영익)1y,PEG(매출)2y,PEG(영익)2y,PEG(영익)3y,PEG(영익)fwd,영익증가율fwd,fwd기준,영업이익률(E),전년영업이익률,매출증가율1y,영익증가율1y,목표주가,통화,환율,비고,섹터1,섹터2,종목명,보유ETF수,보유ETF,최대비중,유효PEG,Type,탈락조건,플래그,기준일
NVDA,NVIDIA,208.48,24220.0,253490.0,5050000.0,114.29,104.67,16.39,0.48,0.07,20.77,0.47,,FY 2027,FY 2026,395730.0,261760.0,230630.0,218490.9823484267,9.02,13.04,19.292481662591687,23.11308203991131,0.27760381198611983,0.22940662001857612,0.3699835642384035,0.35373212049774216,,0.5186069651741295,44.56762749445675,eps,66.1461097212746,60.382513661202175,83.25923867741038,100.75159137970707,304.73,USD,,,반도체,Stock Lists Top Analysts Top Stocks Corporate Actions,NVIDIA Corp,6,"글로벌AI인공지능,글로벌소비트렌드,글로벌휴머노이드로봇,나스닥100채권혼합50,미국S&P500,미국나스닥100",7.54,0.22940662001857612,통과,,,2026-08-25
AMZN,Amazon,262.28,10790.0,775680.0,2830000.0,30.56,11.94,11.33,,0.46,28.29,1.36,,FY 2026,FY 2025,828190.0,109710.0,133310.0,134659.1429007168,12.48,10.39,25.795278461398233,21.01602564102564,1.354076489850284,0.5653756242076119,1.409888573614816,1.0312944885426443,,,-16.74679487179487,eps,13.246960238592592,11.156056463761647,15.52056017407799,37.17179294823707,327.0,USD,,,인터넷·플랫폼,Stock Lists Top Analysts Top Stocks Corporate Actions,Amazon.com Inc,5,"글로벌AI인공지능,글로벌소비트렌드,나스닥100채권혼합50,미국S&P500,미국나스닥100",4.69,0.5653756242076119,탈락,PEG매출>1,,2026-08-25
META,Meta Platforms,556.86,2550.0,228250.0,1420000.0,29.85,25.4,10.38,0.38,0.43,17.46,0.91,-25.94,FY 2026,FY 2025,254190.0,88290.0,81630.0,79458.39169629708,31.16,34.7,16.083361649110884,17.870988446726574,0.674846401378925,2.970650534617539,0.7679428760004445,2.199056910633352,,1.5730508474576272,11.360718870346599,eps,34.733860498052636,41.43902074936558,26.4815644125989,6.015850144092227,754.14,USD,,,인터넷·플랫폼,Stock Lists Top Analysts Top Stocks Corporate Actions,Meta Platforms Inc,5,"글로벌AI인공지능,글로벌소비트렌드,나스닥100채권혼합50,미국S&P500,미국나스닥100",1.78,2.970650534617539,탈락,PEG영익>1,,2026-08-25
LLY,Eli Lilly,1246.93,891.36,79670.0,1110000.0,102.29,42.24,6.72,0.56,1.62,30.57,1.45,,FY 2026,FY 2025,88180.0,41050.0,31500.0,32678.738982942108,36.71,47.23,27.040194884287455,33.967038953963495,0.9625963473997136,0.888829125050851,1.36181625391413,0.856181336652868,,1.185294676806084,28.65704167801688,eps,46.552506237242,45.56612457809143,35.286897821417604,38.215488215488215,1311.0,USD,,,미분류,Stock Lists Top Analysts Top Stocks Corporate Actions,Eli Lilly & Co,4,"글로벌바이오,나스닥100채권혼합50,미국S&P500,미국나스닥100",12.72,0.888829125050851,탈락,fPER>30,,2026-08-25
MSFT,Microsoft,487.28,7430.0,331840.0,3620000.0,34.04,26.18,10.01,0.75,0.29,24.67,1.54,-3.93,FY 2027,FY 2026,391080.0,182160.0,146940.0,146574.04367098998,19.73,23.57,19.87263943785683,24.697415103902685,1.383455474017398,1.424229836823868,1.316627490046419,1.4709064719335845,,1.2689583333333332,19.46274708565636,eps,46.578705124271245,46.78158148505304,17.8519768563163,17.340891522803403,569.56,USD,,,소프트웨어,Stock Lists Top Stocks Corporate Actions,Microsoft Corp,4,"글로벌소비트렌드,나스닥100채권혼합50,미국S&P500,미국나스닥100",5.97,1.424229836823868,탈락,"PEG매출>1,PEG영익>1",,2026-08-25
AAPL,Apple,310.49,14590.0,466820.0,4530000.0,148.75,101.57,10.04,0.35,0.78,33.89,3.21,,FY 2026,FY 2025,477680.0,156310.0,129940.0,128682.40523044222,8.82,9.54,28.980871345403365,35.202947845804985,2.381348955707121,2.0136509935014404,2.8578387027551067,2.690340702636727,,4.312361111111117,8.163265306122437,eps,32.72274325908558,31.970876585928487,14.78277585544021,17.48214956783165,326.34,USD,,,미분류,Stock Lists Top Stocks Corporate Actions,Apple Inc,4,"글로벌소비트렌드,나스닥100채권혼합50,미국S&P500,미국나스닥100",5.54,2.0136509935014404,탈락,"PEG매출>1,PEG영익>1,fPER>30",,2026-08-25
SNDK,Sandisk,1493.12,146.42,20250.0,218620.0,91.64,102.23,,,0.01,6.97,0.18,,FY 2027,FY 2026,48960.0,38940.0,33400.0,31348.14482426061,214.1,264.72,5.614278376990241,6.9739374124241005,0.04918921372399444,,0.10117017145486802,0.07478324311128469,,0.2949664164361909,23.643157403082693,eps,79.5343137254902,61.58024691358025,141.77777777777777,212.26944667201283,2126.0,USD,,기저효과→PEG(영익)fwd 기준,반도체,Stock Lists Top Analysts Top Stocks Corporate Actions,Sandisk Corp,4,"글로벌AI인공지능,나스닥100채권혼합50,미국S&P500,미국나스닥100",5.54,0.2949664164361909,통과,,기저효과(fwd),2026-08-25
GOOGL,Alphabet,347.95,12230.0,445870.0,4260000.0,48.68,24.93,10.79,0.25,0.19,26.11,1.98,,FY 2026,FY 2025,497860.0,171650.0,251980.0,252086.21928437997,20.59,14.81,24.81794348965919,16.898980087421076,0.71643708044798,0.5117682211877058,0.7371537508025434,0.9912480696721533,,,-28.071879553181155,eps,34.4775639738079,32.03256876179128,23.587528547314072,33.02076875387478,428.07,USD,,,인터넷·플랫폼,Stock Lists Top Stocks Corporate Actions,Alphabet Inc,4,"글로벌소비트렌드,나스닥100채권혼합50,미국S&P500,미국나스닥100",5.19,0.5117682211877058,통과,,비지배괴리,2026-08-25
TSLA,Tesla,348.95,3950.0,103620.0,1380000.0,4.67,5.46,14.15,,0.18,183.31,6.77,,FY 2026,FY 2025,106030.0,4290.0,3840.0,6999.856712996131,1.77,2.16,321.67832167832165,197.14689265536722,16.692356991525426,,15.340590272473747,14.01149801960343,,8.947435897435893,22.033898305084755,eps,4.04602470998774,4.597701149425287,11.810608457239269,-1.6055045871559592,395.34,USD,,,미분류,Stock Lists Top Stocks Corporate Actions,Tesla Inc,4,"글로벌휴머노이드로봇,나스닥100채권혼합50,미국S&P500,미국나스닥100",4.91,,탈락,"PEG매출>1,PEG영익>1,ROE<10,이익률<10,fPER>30,전년이익률<5",,2026-08-25
AMD,Advanced Micro Devices,456.75,1630.0,41310.0,745620.0,10.2,9.77,17.85,,0.06,41.12,0.63,,FY 2026,FY 2025,50810.0,14340.0,9380.0,12357.621018062398,7.57,15.48,51.99581589958159,60.33685601056803,1.2925594880680744,0.21288664290521175,1.024130504507268,0.6510832784942808,,0.577433628318584,104.49141347424043,eps,28.22279078921472,10.796766743648961,46.68013856812934,283.4224598930481,613.09,USD,,,반도체,Stock Lists Top Analysts Top Stocks Corporate Actions,Advanced Micro Devices Inc,4,"글로벌AI인공지능,나스닥100채권혼합50,미국S&P500,미국나스닥100",3.23,0.577433628318584,탈락,"PEG매출>1,fPER>30","기저효과(fwd),비지배괴리",2026-08-25
HOOD,Robinhood,103.62,899.08,4930.0,93160.0,23.62,7.01,13.65,,2.4,43.78,2.35,-5.21,FY 2026,FY 2025,5170.0,2260.0,1890.0,2247.635591584636,2.5,3.25,41.2212389380531,41.448,2.646750857142859,5.095665882352936,2.022358937693537,2.3218697942837148,,1.3816,30.000000000000004,eps,43.7137330754352,46.75615212527964,15.659955257270685,8.133971291866038,119.93,USD,,,미분류,Stock Lists Top Analysts Top Stocks Corporate Actions,Robinhood Markets Inc,4,"글로벌AI인공지능,나스닥100채권혼합50,미국S&P500,미국나스닥100",3.19,5.095665882352936,탈락,"PEG매출>1,PEG영익>1,fPER>30",,2026-08-25
INTC,Intel,87.26,5250.0,57030.0,458510.0,-10.72,3.42,15.1,,0.49,52.51,0.76,,FY 2026,FY 2025,62990.0,9610.0,-11800.0,7934.335319734127,1.51,2.04,47.71175858480749,57.78807947019868,3.0119329388560154,,3.5925266410947865,0.48001023169694684,,1.6464150943396225,35.099337748344375,eps,15.256389903159231,1.7540208136234625,19.18637653736992,936.6774541531823,114.88,USD,,기저효과→PEG(영익)fwd 기준,반도체,Stock Lists Top Analysts Top Stocks Corporate Actions,Intel Corp,4,"글로벌AI인공지능,나스닥100채권혼합50,미국S&P500,미국나스닥100",3.06,1.6464150943396225,탈락,"PEG매출>1,PEG영익>1,ROE<10,fPER>30,전년이익률<5",기저효과(fwd),2026-08-25
LITE,Lumentum Holdings,830.17,89.7,3010.0,74470.0,-240.03,16.03,12.32,,0.36,38.39,0.31,,FY 2027,FY 2026,6270.0,2570.0,1950.0,1939.4116867629523,21.62,33.01,28.976653696498055,38.39824236817761,0.3545359187982043,,0.5023598327358245,0.4036603252475961,,0.7288586479367869,52.682701202590174,eps,40.98883572567783,17.813953488372096,108.30564784053158,379.2987691160015,1148.0,USD,,기저효과→PEG(영익)fwd 기준,AI·전력인프라,Stock Lists Top Analysts Top Stocks Corporate Actions,Lumentum Holdings Inc,4,"글로벌AI인공지능,나스닥100채권혼합50,미국S&P500,미국나스닥100",2.9,0.7288586479367869,탈락,"ROE<10,fPER>30",기저효과(fwd),2026-08-25
DELL,Dell Technologies,433.19,646.14,134000.0,279900.0,,23.97,11.16,0.58,,22.68,0.88,,FY 2027,FY 2026,172410.0,15840.0,10990.0,12069.835407096192,18.68,22.36,17.670454545454547,23.190042826552464,0.44725623620295,0.28401288405553016,0.7444031654469321,0.48987334765223645,,1.1771467391304353,19.700214132762305,eps,9.187402122846702,7.6801127355997885,51.84956843403206,81.65137614678899,508.96,USD,,,AI·전력인프라,Stock Lists Top Analysts Top Stocks Corporate Actions,Dell Technologies Inc,4,"글로벌AI인공지능,나스닥100채권혼합50,미국S&P500,미국나스닥100",2.69,0.28401288405553016,탈락,"ROE<10,이익률<10",,2026-08-25
PLTR,Palantir,175.89,2400.0,6160.0,422670.0,38.1,363.8,12.84,,0.02,92.41,1.72,,FY 2026,FY 2025,8189.999999999999,4940.0,3860.0,3844.857581442948,1.6,2.31,85.56072874493927,109.93124999999999,1.327471698113208,0.4391021600566572,1.6942129313639196,1.4560567825110577,,2.4773239436619723,44.374999999999986,eps,60.31746031746032,31.473214285714285,82.81249999999997,250.354609929078,191.68,USD,,,소프트웨어,Stock Lists Top Analysts Top Stocks Corporate Actions,Palantir Technologies Inc,4,"글로벌우주테크&방산,나스닥100채권혼합50,미국S&P500,미국나스닥100",2.27,2.4773239436619723,탈락,"PEG매출>1,PEG영익>1,fPER>30",기저효과(fwd),2026-08-25
WMT,Walmart,106.27,7960.0,735840.0,847460.0,22.31,14.74,7.17,0.93,0.7,35.6,3.81,,FY 2027,FY 2026,752110.0,33730.0,22990.0,22966.827891220477,2.88,3.23,25.124814705010376,36.89930555555556,6.756125481386405,2.8223238069800547,7.439372083074016,3.477376160503726,,3.0362857142857114,12.15277777777779,eps,4.4847163313876965,4.182792080318582,5.461607493409604,13.074086490110638,128.43,USD,,,미분류,Stock Lists Top Analysts Top Stocks Corporate Actions,Walmart Inc,4,"글로벌소비트렌드,나스닥100채권혼합50,미국S&P500,미국나스닥100",2.2,2.8223238069800547,탈락,"PEG매출>1,PEG영익>1,이익률<10,fPER>30,전년이익률<5",,2026-08-25
MSTR,Strategy,122.6,384.23,498.35,47120.0,-63.56,-71.75,20.89,,0.15,4.0,,-65.76,FY 2026,FY 2025,499.1,-10980.0,-9160.0,11780.0,-17.44,49.49,,4.0,0.8728486511202563,,1.114839724680102,,,,,,-2199.959927870166,-1139.9115730360622,4.582695974687256,,229.07,USD,,기저효과→PEG(영익)fwd 기준,금융,Stock Lists Top Analysts Top Stocks Corporate Actions,Strategy Inc,4,"글로벌AI인공지능,나스닥100채권혼합50,미국S&P500,미국나스닥100",2.08,,금융,영업이익·PEG 기준 부적합(별도 판단),기저효과(2y),2026-08-25
TER,Teradyne,364.9,156.34,4460.0,57050.0,36.46,38.24,14.1,0.14,0.03,37.41,1.02,,FY 2026,FY 2025,5140.0,1670.0,1400.0,1421.168813373527,9.09,11.55,34.16167664670659,40.14301430143014,0.6566985416490367,0.27849758179870854,1.0127716241859572,0.5671318060456935,,1.4833333333333325,27.06270627062708,eps,32.490272373540854,21.44294670846395,61.12852664576802,144.14133883016825,449.8,USD,,,미분류,Stock Lists Top Analysts Top Stocks Corporate Actions,Teradyne Inc,3,"글로벌휴머노이드로봇,나스닥100채권혼합50,미국나스닥100",6.46,0.27849758179870854,탈락,fPER>30,,2026-08-25
MU,Micron Technology,910.43,1130.0,90270.0,1030000.0,66.64,67.64,16.34,0.07,0.06,6.33,0.04,,FY 2026,FY 2025,129720.0,98090.0,82620.0,83039.8822534407,73.4,155.03,10.500560709552452,12.40367847411444,0.050211122088195545,0.013783426124950458,0.08077581883560286,0.037310498198737274,,0.11153129976724241,111.21253405994551,eps,75.61671292013568,26.243980738362758,247.03049759229538,899.8980632008156,1515.0,USD,,,반도체,Stock Lists Top Analysts Top Stocks Corporate Actions,Micron Technology Inc,3,"나스닥100채권혼합50,미국S&P500,미국나스닥100",3.97,0.11153129976724241,통과,,"기저효과(fwd),비지배괴리",2026-08-25
STX,Seagate Technology,794.65,226.64,12200.0,180100.0,371.53,85.92,15.61,0.37,1.8,22.21,0.33,,FY 2027,FY 2026,18780.0,9880.0,8420.0,8109.202793682754,35.78,55.37,18.228744939271255,22.209334823923978,0.4117840195317212,0.1662751970003512,0.5109803398216866,0.25090102963167954,,0.4056406329760083,54.751257685858,eps,52.609158679446224,34.67213114754099,53.93442622950819,133.56973995271866,1125.0,USD,,,반도체,Stock Lists Top Stocks Corporate Actions,Seagate Technology Holdings PLC,3,"글로벌AI인공지능,나스닥100채권혼합50,미국나스닥100",3.97,0.1662751970003512,통과,,,2026-08-25
WDC,Western Digital,435.38,360.54,12920.0,156970.0,130.85,52.9,16.42,0.14,0.13,21.67,0.31,,FY 2027,FY 2026,19190.0,9400.0,7750.0,7243.160687215765,20.09,31.75,16.698936170212765,21.671478347436537,0.4465637962502074,0.21035418186295843,0.509450863415174,0.28418995483404835,,0.37339622641509435,58.038825286212045,eps,48.98384575299635,35.8359133126935,48.529411764705884,103.02375809935205,664.92,USD,,,반도체,Stock Lists Top Analysts Top Stocks Corporate Actions,Western Digital Corp,3,"글로벌AI인공지능,나스닥100채권혼합50,미국나스닥100",3.63,0.21035418186295843,통과,,,2026-08-25
AAOI,Applied Optoelectronics,107.63,84.91,595.97,9140.0,-5.45,-5.58,24.31,,0.18,46.77,,,FY 2026,FY 2025,1040.0,47.9,2.8,57.745981603642115,0.68,4.6,190.8141962421712,158.27941176470586,1.2345295668072116,,1.1178150986858209,,,0.27456632653061225,576.470588235294,eps,4.605769230769231,-11.98104099008163,128.2103045729834,,163.4,USD,,기저효과→PEG(영익)fwd 기준,AI·전력인프라,Stock Lists Top Stocks Corporate Actions,Applied Optoelectronics Inc,3,"글로벌AI인공지능,나스닥100채권혼합50,미국나스닥100",3.23,0.27456632653061225,탈락,"PEG매출>1,ROE<10,이익률<10,fPER>30,전년이익률<5","기저효과(fwd),비지배괴리",2026-08-25
COIN,Coinbase,179.48,263.84,6040.0,47350.0,-7.85,4.06,20.06,,0.51,156.0,10.27,-43.89,FY 2026,FY 2025,5360.0,-141.51,-813.59,303.52564102564105,-2.07,2.88,,156.0,,,,,,,,,-2.640111940298507,21.511627906976745,-22.093023255813947,,194.97,USD,,,금융,Stock Lists Top Stocks Corporate Actions,Coinbase Global Inc,3,"글로벌AI인공지능,나스닥100채권혼합50,미국나스닥100",3.09,,금융,영업이익·PEG 기준 부적합(별도 판단),,2026-08-25
AVGO,Broadcom,358.76,4760.0,75470.0,1710000.0,37.28,24.22,12.07,0.72,0.74,22.73,0.48,,FY 2026,FY 2025,106070.0,70910.0,44160.0,55433.4373954733,11.63,19.5,24.11507544775067,30.84780739466896,0.46725140219189193,0.1826350877856804,0.47649732520764876,0.44646919688244585,,0.4558576874205846,67.66981943250214,eps,66.8520788158763,41.27406479887306,66.01972139614962,168.904057641259,526.3,USD,,,반도체,Stock Lists Top Stocks Corporate Actions,Broadcom Inc,3,"나스닥100채권혼합50,미국S&P500,미국나스닥100",2.81,0.4558576874205846,탈락,fPER>30,"기저효과(fwd),비지배괴리",2026-08-25
BE,Bloom Energy,204.02,294.53,3110.0,60090.0,22.21,22.93,24.25,,1.72,58.56,,,FY 2026,FY 2025,4130.0,651.4,653.23,798.1761592000784,2.71,4.89,92.24746699416642,75.28413284132841,0.7207296129833336,,0.9062666666740247,0.4899478003339165,,0.9358715596330275,80.44280442804428,eps,15.772397094430993,4.379702970297029,104.45544554455446,636.2947891940771,275.08,USD,,기저효과→PEG(영익)fwd 기준,미분류,Stock Lists Top Analysts Top Stocks Corporate Actions,Bloom Energy Corp,3,"나스닥100채권혼합50,미국S&P500,미국나스닥100",2.02,0.9358715596330275,탈락,"fPER>30,전년이익률<5",기저효과(fwd),2026-08-25
MRVL,Marvell Technology,229.29,876.93,8720.0,201070.0,16.03,6.87,16.26,0.1,0.29,50.24,1.35,,FY 2027,FY 2026,11560.0,4280.0,1680.0,3560.3131405643503,4.06,6.25,46.978971962616825,56.475369458128085,1.372502302261332,,1.3027527846333826,1.1681085338296544,,1.0469863013698628,53.94088669950741,eps,37.0242214532872,16.361416361416364,41.14774114774116,219.40298507462686,266.36,USD,,기저효과→PEG(영익)fwd 기준,미분류,Stock Lists Top Analysts Top Stocks Corporate Actions,Marvell Technology Inc,3,"나스닥100채권혼합50,미국S&P500,미국나스닥100",1.84,1.0469863013698628,탈락,"PEG매출>1,PEG영익>1,fPER>30",기저효과(fwd),2026-08-25
VRT,Vertiv Holdings Co,254.97,384.99,11480.0,98160.0,43.94,37.58,15.2,0.1,0.7,32.63,0.86,,FY 2026,FY 2025,14020.0,3320.0,2320.0,2583.259206965525,6.71,9.1,29.566265060240966,37.99850968703428,1.02565898178987,0.5084307634180643,1.1445728322083077,0.8051211556499067,,1.0668200836820085,35.618479880774956,eps,23.680456490727533,18.57282502443793,37.04789833822091,74.73684210526316,338.15,USD,,,AI·전력인프라,Stock Lists Top Analysts Top Stocks Corporate Actions,Vertiv Holdings Co,3,"나스닥100채권혼합50,미국S&P500,미국나스닥100",1.6,0.5084307634180643,탈락,"PEG매출>1,fPER>30",,2026-08-25
COST,Costco,969.39,443.48,293590.0,430800.0,29.15,38.44,8.84,0.61,0.25,44.33,4.1,,FY 2026,FY 2025,301570.0,11650.0,9150.0,9145.817472843746,20.58,22.66,36.97854077253219,47.10349854227405,4.923952502383409,3.849876495029961,5.326771668457556,4.077734819094186,,4.660528846153843,10.106899902818277,eps,3.8631163577278906,3.7712541781717777,9.566196773724744,12.235067437379566,1077.0,USD,,,미분류,Stock Lists Top Stocks Corporate Actions,Costco Wholesale Corp,3,"나스닥100채권혼합50,미국S&P500,미국나스닥100",1.24,3.849876495029961,탈락,"PEG매출>1,PEG영익>1,이익률<10,fPER>30,전년이익률<5",,2026-08-25
AMAT,Applied Materials,484.19,793.6,30840.0,384250.0,41.07,35.64,12.96,0.44,0.29,27.45,0.89,,FY 2026,FY 2025,34220.0,11330.0,10540.0,10150.059893843325,12.79,18.39,33.914386584289495,37.85691946833464,1.8358988125071005,1.1424198038139284,1.384903184051241,0.9530418778296844,,0.8646249999999995,43.78420641125882,eps,33.10929281122151,29.996475149806134,20.620373634120547,33.13748531139835,641.03,USD,,,미분류,Stock Lists Top Analysts Top Stocks Corporate Actions,Applied Materials Inc,3,"나스닥100채권혼합50,미국S&P500,미국나스닥100",1.12,1.1424198038139284,탈락,"PEG매출>1,PEG영익>1,fPER>30",비지배괴리,2026-08-25
GEV,GE Vernova,942.1,266.33,41370.0,250910.0,82.58,41.4,9.79,0.21,0.28,43.99,1.14,,FY 2026,FY 2025,46210.0,4680.0,8380.0,4040.234263878569,15.17,25.14,53.613247863247864,62.10283454185893,2.904490062664091,0.523228605982591,3.533031105068567,2.723252285444549,,0.9449348044132397,65.72181938035597,eps,10.127677991776672,5.621224060940373,21.381665353296555,118.69158878504673,1239.0,USD,,,미분류,Stock Lists Top Analysts Top Stocks Corporate Actions,GE Vernova Inc,3,"나스닥100채권혼합50,미국S&P500,미국나스닥100",1.04,0.523228605982591,탈락,"PEG매출>1,fPER>30",비지배괴리,2026-08-25
LRCX,Lam Research,310.17,1250.0,23230.0,388120.0,65.07,70.07,14.38,0.34,0.33,32.79,1.23,,FY 2027,FY 2026,34760.0,13820.0,11760.0,11837.428506947803,9.46,11.56,28.083936324167873,32.78752642706131,0.6605847692113048,0.4783945137044533,1.0376344556371324,0.8009747025673511,,1.4770000000000008,22.19873150105707,eps,39.758342922899885,35.29918209212226,49.63409384416701,68.53658536585365,368.94,USD,,,미분류,Stock Lists Top Analysts Top Stocks Corporate Actions,Lam Research Corp,3,"나스닥100채권혼합50,미국S&P500,미국나스닥100",0.55,0.4783945137044533,탈락,fPER>30,,2026-08-25
JNJ,Johnson & Johnson,273.03,2410.0,97930.0,658000.0,25.74,19.92,5.26,1.96,0.58,24.31,2.99,,FY 2026,FY 2025,101120.0,32310.000000000004,21970.0,26630.40691499103,11.05,12.31,20.365212008666045,24.70859728506787,3.3583012673600896,1.0879220175850108,3.311559008814276,3.627444547676103,,2.166904761904761,11.4027149321267,eps,31.952136075949372,27.95413525852001,7.357468945747958,22.71173566274214,272.5,USD,,,미분류,Stock Lists Top Analysts Top Stocks Corporate Actions,Johnson & Johnson,2,"글로벌바이오,미국S&P500",6.49,1.0879220175850108,탈락,"PEG매출>1,PEG영익>1",,2026-08-25
MRK,Merck & Co.,150.66,2470.0,66570.0,371700.0,6.96,14.05,4.94,2.26,1.28,17.48,2.56,,FY 2026,FY 2025,67140.0,12020.0,3260.0,6784.647550776584,2.75,9.54,30.923460898502494,54.78545454545454,16.721138028169083,,13.785107700632281,17.84026279868111,,0.22188512518409426,246.90909090909088,eps,17.90288948465892,37.640363021073675,3.276419012459608,-50.87862689006948,147.77,USD,,,미분류,Stock Lists Top Stocks Corporate Actions,Merck & Co Inc,2,"글로벌바이오,미국S&P500",6.0,,탈락,"PEG매출>1,PEG영익>1,ROE<10,fPER>30",비지배괴리,2026-08-25
ABT,Abbott Laboratories,116.39,1730.0,46590.0,201880.0,10.58,7.51,6.65,2.16,0.63,20.12,2.33,-12.01,FY 2026,FY 2025,50300.0,11720.0,6230.0,9574.513274336283,5.52,6.06,17.225255972696246,21.085144927536234,1.5656691367465354,0.6717124741200828,1.9113574596797958,2.487699912213507,,2.155370370370371,9.782608695652172,eps,23.30019880715706,20.121813670200766,13.46717798330701,31.390134529147986,119.4,USD,,,미분류,Stock Lists Top Stocks Corporate Actions,Abbott Laboratories,2,"글로벌바이오,미국S&P500",3.66,0.6717124741200828,탈락,PEG매출>1,,2026-08-25
SNOW,Snowflake,322.78,346.6,5030.0,111880.0,-54.87,-16.48,11.21,,1.43,152.21,4.87,,FY 2027,FY 2026,6090.0,824.52,-988.15,672.4307577916848,1.94,2.71,135.69106874302625,166.38144329896906,5.522447905242377,,5.973753317922891,3.5219489808733146,,4.191948051948052,39.69072164948453,eps,13.538916256157634,-28.418803418803417,30.12820512820513,,321.35,USD,,기저효과→PEG(영익)fwd 기준,소프트웨어,Stock Lists Top Stocks Corporate Actions,Snowflake Inc,2,"글로벌AI인공지능,미국S&P500",3.07,4.191948051948052,탈락,"PEG매출>1,PEG영익>1,ROE<10,fPER>30,전년이익률<5",기저효과(fwd),2026-08-25
CRDO,CRDO,222.61,186.48,1340.0,41510.0,34.41,73.1,22.01,,0.01,36.19,0.8,,FY 2027,FY 2026,2460.0,1240.0,1010.0,1146.7881047571987,6.15,9.12,33.475806451612904,36.19674796747967,0.43306823461091754,0.20261782931871003,0.5489037601173403,0.5805166352377112,,0.7495286195286199,48.292682926829244,eps,50.40650406504065,33.20970149253731,83.5820895522388,178.64542369834388,283.23,USD,,,미분류,Stock Lists Top Analysts Top Stocks Corporate Actions,Credo Technology Group Holding Ltd,2,"나스닥100채권혼합50,미국나스닥100",2.98,0.7495286195286199,탈락,fPER>30,기저효과(fwd),2026-08-25
MELI,MercadoLibre,1947.73,50.7,35180.0,98750.0,27.5,14.2,10.25,,1.69,46.25,1.63,-19.86,FY 2026,FY 2025,41670.0,2900.0,1990.0,1989.976793498072,39.25,56.72,34.05172413793103,49.62369426751592,1.121775060554409,,1.3894963474513262,2.4832857801112893,,1.1148998282770464,44.509554140127385,eps,6.959443244540436,11.076497057805469,44.2367601246106,-9.375,2257.0,USD,,,인터넷·플랫폼,Stock Lists Top Analysts Top Stocks Corporate Actions,MercadoLibre Inc,2,"글로벌AI인공지능,글로벌소비트렌드",1.84,,탈락,"PEG매출>1,PEG영익>1,이익률<10,fPER>30",,2026-08-25
RKLB,Rocket Lab,68.28,598.46,769.15,40860.0,-7.92,-5.51,18.67,,0.04,2707.87,,,FY 2026,FY 2025,953.34,-94.95,-166.88,15.089350670453161,-0.05,0.05,,2707.87,46.3559243898276,,53.803154007452875,,,,,,-9.959720561394676,-38.0259222333001,58.414755732801616,,112.94,USD,,기저효과→PEG(영익)fwd 기준,미분류,Stock Lists Top Stocks Corporate Actions,Rocket Lab Corp,2,"글로벌우주테크&방산,미국나스닥100",1.67,,탈락,"PEG매출>1,PEG산출불가,ROE<10,이익률<10,fPER>30,전년이익률<5",기저효과(2y),2026-08-25
GLW,Corning,145.55,861.39,16960.0,125380.0,16.81,11.27,10.05,0.77,0.71,39.31,1.29,,FY 2026,FY 2025,19220.0,4140.0,2270.0,2816.850566815527,3.27,4.32,30.285024154589372,44.510703363914374,1.9378893971531528,0.5673891857378096,2.12059399493884,1.4390445166982533,,1.386190476190476,32.11009174311927,eps,21.54006243496358,14.843250159948818,22.968650031989757,78.44827586206897,191.4,USD,,,미분류,Stock Lists Top Analysts Top Stocks Corporate Actions,Corning Inc,2,"나스닥100채권혼합50,미국나스닥100",1.64,0.5673891857378096,탈락,"PEG매출>1,fPER>30",,2026-08-25
CRWV,CoreWeave,86.25,551.54,7590.0,47570.0,-43.6,-0.34,,,10.27,,,-8.23,FY 2026,FY 2025,12890.0,1040.0,-2870.0,,-3.94,-1.87,45.74038461538461,,,,,,,,,,8.068269976726144,-0.3313840155945419,151.2670565302144,,144.46,USD,,기저효과→PEG(영익)fwd 기준,미분류,Stock Lists Top Stocks Corporate Actions,CoreWeave Inc,2,"나스닥100채권혼합50,미국나스닥100",1.58,,탈락,"PEG매출>1,PEG산출불가,ROE<10,이익률<10,fPER>30,전년이익률<5",기저효과(2y),2026-08-25
SPCX,SpaceX,135.0,13570.0,23040.0,1830000.0,,,,,0.31,104.05,,,FY 2026,FY 2025,44630.0,5160.0,1440.0,1220.0,0.09,1.6,354.6511627906977,1500.0,10.787750385208014,,10.894842652629206,,,0.8940397350993378,1677.7777777777778,eps,11.561729778176115,-11.033743974290305,139.04659882163898,,213.5,USD,,기저효과→PEG(영익)fwd 기준,미분류,Stock Lists Top Analysts Top Stocks Corporate Actions,Space Exploration Technologies Corp,2,"나스닥100채권혼합50,미국나스닥100",1.48,0.8940397350993378,탈락,"PEG매출>1,ROE<10,fPER>30,전년이익률<5","기저효과(fwd),비지배괴리",2026-08-25
KO,The Coca-Cola Company,92.04,4300.0,50130.0,395790.0,42.05,20.1,5.81,2.31,1.16,27.06,3.66,,FY 2026,FY 2025,49720.0,16120.000000000002,14280.0,14190.645371577573,3.3,3.53,24.552729528535977,27.890909090909094,7.511742594484183,3.8458748957464484,14.362477148729662,3.2912472662880816,,4.001739130434789,6.969696969696959,eps,32.42156074014482,31.351689612015022,3.7129745515227297,7.252162341982715,94.7,USD,,,미분류,Stock Lists Top Stocks Corporate Actions,Coca-Cola Co/The,2,"나스닥100채권혼합50,미국S&P500",1.37,3.8458748957464484,탈락,"PEG매출>1,PEG영익>1",,2026-08-25
QCOM,QUALCOMM,158.53,1070.0,44070.0,169320.0,33.75,25.56,12.6,2.32,0.55,17.1,4.6,,FY 2026,FY 2025,42950.0,13200.0,13750.0,11236.020942408375,10.52,10.2,12.827272727272728,15.06939163498099,,2.3050587945359804,23.488181873550204,,,,-3.041825095057038,eps,30.73341094295693,27.981029810298104,-3.0036133694670286,6.537530266343827,193.1,USD,,,반도체,Stock Lists Top Stocks Corporate Actions,QUALCOMM Inc,2,"글로벌AI인공지능,미국나스닥100",1.17,2.3050587945359804,탈락,"PEG매출>1,PEG영익>1",,2026-08-25
EBAY,eBay,106.97,445.0,12010.0,47650.0,46.61,28.48,10.58,1.16,1.53,17.07,1.39,,FY 2026,FY 2025,12510.0,3410.0,2009.9999999999998,2730.620734785454,6.13,6.73,13.973607038123166,17.450244698205548,1.373742667731075,0.4326948430269335,1.8126882658682646,1.6750860767869604,,1.7828333333333308,9.78792822185972,eps,27.258193445243805,21.891891891891895,12.702702702702705,40.32921810699588,116.15,USD,,,인터넷·플랫폼,Stock Lists Top Stocks Corporate Actions,eBay Inc,2,"글로벌AI인공지능,글로벌소비트렌드",1.12,0.4326948430269335,탈락,PEG매출>1,,2026-08-25
PEP,PepsiCo,145.19,1360.0,96900.0,197460.0,51.51,19.38,5.29,4.09,2.39,16.6,3.28,-3.32,FY 2026,FY 2025,98950.0,15900.0,10810.0,11641.694331565535,8.56,8.98,12.418867924528302,16.96144859813084,3.1736830016383086,2.7617663043478227,4.101219893674408,3.370015713694606,,3.4569047619047595,4.90654205607477,eps,16.068721576553816,15.948046417544981,5.34440540828276,6.141522029372504,155.0,USD,,,미분류,Stock Lists Top Analysts Top Stocks Corporate Actions,PepsiCo Inc,2,"나스닥100채권혼합50,미국S&P500",1.06,2.7617663043478227,탈락,"PEG매출>1,PEG영익>1",,2026-08-25
ALAB,Astera Labs,277.53,173.49,1200.0,48150.0,25.83,62.97,25.37,,0.03,49.46,0.94,,FY 2026,FY 2025,1910.0,759.07,588.06,699.1838720138364,4.03,6.39,63.43288497767004,68.86600496277914,0.5551962250552555,,0.7947787405525271,0.7974737400350864,,1.1759745762711866,58.56079404466499,eps,39.74188481675393,20.341806153449145,124.0390367494399,337.7061469265368,389.95,USD,,기저효과→PEG(영익)fwd 기준,미분류,Stock Lists Top Analysts Top Stocks Corporate Actions,Astera Labs Inc,2,"나스닥100채권혼합50,미국나스닥100",0.87,1.1759745762711866,탈락,"PEG영익>1,fPER>30","기저효과(fwd),비지배괴리",2026-08-25
CSCO,Cisco Systems,110.23,3940.0,63330.0,434460.0,27.32,20.65,9.4,1.52,0.59,21.5,1.47,,FY 2027,FY 2026,73020.0,25550.0,16010.000000000002,20219.357706613446,5.13,5.55,17.00430528375734,21.487329434697855,1.404326700824991,0.36546631142102376,2.051650135598563,1.6260260713404546,,2.6245238095238133,8.187134502923964,eps,34.99041358531909,25.406600347386703,15.300805305542386,58.794282162834065,136.27,USD,,,미분류,Stock Lists Top Stocks Corporate Actions,Cisco Systems Inc,2,"나스닥100채권혼합50,미국S&P500",0.7,0.36546631142102376,탈락,PEG매출>1,,2026-08-25
SIMO,Silicon Motion Technology,243.18,33.91,1310.0,8250.0,31.57,19.24,13.56,0.82,0.07,17.21,0.32,,FY 2026,FY 2025,1870.0,472.0,428.29,377.9299284480632,11.14,15.87,17.478813559322035,21.8294434470377,0.1963977975761147,0.053594348171637836,0.3325404098202693,0.1958961795349471,,0.5141226215644823,42.45960502692996,eps,25.240641711229944,10.50551584747581,111.14912548129578,407.3086844368014,349.27,USD,,,미분류,Stock Lists Top Stocks Corporate Actions,Silicon Motion Technology Corp,2,"나스닥100채권혼합50,미국나스닥100",0.55,0.5141226215644823,통과,,기저효과(fwd),2026-08-25
RTX,RTX Corporation,209.22,1350.0,93500.0,281980.0,12.27,9.4,5.59,1.4,0.57,28.37,2.61,,FY 2026,FY 2025,96140.0,12830.0,8290.0,9757.839594685021,7.24,7.86,21.978176149649258,28.897790055248617,3.395681961399239,1.2120692509003064,3.653534612033434,2.451952760421442,,3.3745161290322554,8.563535911602216,eps,13.345121697524442,11.693002257336344,8.510158013544022,23.841698841698843,234.82,USD,,,미분류,Stock Lists Top Analysts Top Stocks Corporate Actions,RTX Corp,1,글로벌우주테크&방산,9.03,1.2120692509003064,탈락,"PEG매출>1,PEG영익>1",,2026-08-25
GE,GE Aerospace,341.84,1040.0,50640.0,354680.0,48.23,31.03,11.34,0.55,1.13,40.72,2.35,,FY 2026,FY 2025,50290.0,10910.0,9030.0,8207.110929089633,7.91,9.08,32.5096241979835,43.21618204804045,4.473801599826492,2.8649608798281365,4.24205191386308,2.2286210391661587,,2.921709401709403,14.7914032869785,eps,21.694173792006364,20.671609245529872,9.659834278238112,15.084388185654007,404.9,USD,,,미분류,Stock Lists Top Stocks Corporate Actions,General Electric Co,1,글로벌우주테크&방산,8.36,2.8649608798281365,탈락,"PEG매출>1,PEG영익>1,fPER>30",,2026-08-25
MOG-A,Moog Inc,,,,,,,,,,,,,,,,,,,,,,,,,,,,,,,,,,,,,,실패: 404,미분류,,Moog Inc,1,글로벌우주테크&방산,6.37,,보류,컨센서스 없음,,2026-08-25
MRNA,Moderna,138.89,399.24,2230.0,55450.0,-39.0,-75.99,9.04,,0.19,,,,FY 2026,FY 2025,2110.0,-3500.0,-3380.0,,-8.62,-4.58,,,,,,,,,,,-165.87677725118485,-158.24742268041237,8.762886597938135,,95.67,USD,,기저효과→PEG(영익)fwd 기준,미분류,Stock Lists Top Analysts Top Stocks Corporate Actions,Moderna Inc,1,글로벌바이오,5.95,,탈락,"PEG매출>1,PEG산출불가,ROE<10,이익률<10,fPER>30,전년이익률<5",기저효과(2y),2026-08-25
TMO,Thermo Fisher,628.74,369.75,46340.0,232470.0,13.52,8.84,8.02,0.3,0.81,23.95,2.65,,FY 2026,FY 2025,47860.0,11230.0,7440.0,9287.855711422846,25.12,27.51,20.70080142475512,25.029458598726116,3.3797353792704126,0.729081093677179,3.9939585044950916,2.58671559716868,,2.6307112970711324,9.514331210191074,eps,23.464270789803592,18.761220825852785,7.405745062836622,34.33014354066985,631.42,USD,,,미분류,Stock Lists Top Stocks Corporate Actions,Thermo Fisher Scientific Inc,1,글로벌바이오,5.34,0.729081093677179,탈락,PEG매출>1,,2026-08-25
HWM,Howmet Aerospace,263.29,398.8,9120.0,105000.0,34.73,22.99,10.58,0.21,0.81,45.11,1.49,,FY 2026,FY 2025,10090.0,2960.0,2200.0,2129.5909453454365,5.34,6.41,35.472972972972975,49.30524344569289,2.210697056668294,1.2239301608283764,2.7686715506337443,1.622191456221054,,2.460654205607475,20.037453183520615,eps,29.33597621407334,25.575757575757574,22.30303030303031,40.28436018957346,337.13,USD,,,미분류,Stock Lists Top Analysts Top Stocks Corporate Actions,Howmet Aerospace Inc,1,글로벌우주테크&방산,4.86,1.2239301608283764,탈락,"PEG매출>1,PEG영익>1,fPER>30",,2026-08-25
GD,General Dynamics,383.77,270.15,54860.0,103680.0,17.8,14.6,5.8,1.66,0.35,21.87,2.32,,FY 2026,FY 2025,55920.0,5880.0,4660.0,4592.750866404357,17.0,18.55,17.632653061224488,22.57470588235294,3.5201803979752184,2.6598892583120217,4.070765773122766,2.357905510505278,,2.4759354838709644,9.117647058823541,eps,10.515021459227468,10.313986679352997,6.412940057088479,8.487084870848705,420.02,USD,,,미분류,Stock Lists Top Stocks Corporate Actions,General Dynamics Corp,1,글로벌우주테크&방산,4.75,2.6598892583120217,탈락,"PEG매출>1,PEG영익>1",,2026-08-25
BIIB,Biogen,218.14,147.75,10030.0,32229.999999999996,4.58,8.86,4.66,,0.44,16.51,4.1,,FY 2026,FY 2025,10440.0,2510.0,953.07,1833.5669753369393,12.41,16.54,12.840637450199202,17.577759871071716,3.1608008204527156,,4.601671386037104,4.349452316805181,,0.5281840193704601,33.27961321514907,eps,24.042145593869733,28.816986855409503,5.56117290192113,-11.929824561403512,235.57,USD,,,미분류,Stock Lists Top Analysts Top Stocks Corporate Actions,Biogen Inc,1,글로벌바이오,4.19,,탈락,"PEG매출>1,PEG영익>1,ROE<10",,2026-08-25
LMT,Lockheed Martin,564.15,230.79,77010.0,130199.99999999999,89.16,27.42,4.82,2.45,2.34,18.22,0.95,,FY 2026,FY 2025,80960.0,9680.0,7040.0,7034.469555969157,30.48,32.72,13.450413223140494,18.508858267716533,2.3504057749443743,0.4809550903023737,2.7973581284381823,0.791233558501125,,2.5185267857142875,7.349081364829391,eps,11.956521739130435,9.313790806129248,7.874750166555633,38.48354792560802,632.95,USD,,,미분류,Stock Lists Top Analysts Top Stocks Corporate Actions,Lockheed Martin Corp,1,글로벌우주테크&방산,4.15,0.4809550903023737,탈락,PEG매출>1,,2026-08-25
NVS,Novartis AG,158.02,1900.0,56690.0,300520.0,30.35,18.78,6.32,1.95,1.17,17.13,,,FY 2026,FY 2025,57650.0,21800.0,13950.0,16716.68649538033,8.79,9.82,13.78532110091743,17.977246871444827,10.395618165354856,1.224901301169055,4.479370496858428,3.9315837273901804,,1.5341747572815523,11.717861205915824,eps,37.8143972246314,33.545085583200986,1.729310040585852,14.676486059968429,157.15,USD,,,미분류,Stock Lists Top Stocks Corporate Actions,Novartis AG,1,글로벌바이오,4.04,1.224901301169055,탈락,"PEG매출>1,PEG영익>1",,2026-08-25
NOC,Northrop Grumman,549.28,142.06,42890.0,78030.0,26.96,15.02,3.59,1.8,0.95,18.77,3.34,-7.29,FY 2026,FY 2025,44060.0,4640.0,4140.0,4118.2815685988935,28.99,30.44,16.816810344827587,18.947223180407036,3.7669953195169383,,3.233683979767387,2.525798383147191,,3.7881379310344756,5.001724732666446,eps,10.53109396277803,12.753277711561385,5.029797377830758,-13.271028037383182,647.14,USD,,,미분류,Stock Lists Top Stocks Corporate Actions,Northrop Grumman Corp,1,글로벌우주테크&방산,3.98,,탈락,"PEG매출>1,PEG영익>1",,2026-08-25
GILD,Gilead Sciences,146.5,1240.0,30460.0,181950.0,-20.68,34.37,5.71,2.24,2.23,16.06,2.58,,FY 2026,FY 2025,30690.0,3210.0,-4270.0,11329.389788293898,-0.42,9.89,56.6822429906542,16.06,3.782451199999997,,2.978844952803101,1.5808896545936595,,,,,10.459433040078201,40.14945652173913,4.245923913043481,-72.84263959390863,157.41,USD,,,미분류,Stock Lists Top Stocks Corporate Actions,Gilead Sciences Inc,1,글로벌바이오,3.41,,탈락,"PEG매출>1,PEG영익>1,ROE<10",,2026-08-25
LHX,L3Harris Technologies,262.83,186.21,22930.0,48940.0,9.34,8.1,6.55,1.9,0.53,21.2,1.06,-4.69,FY 2026,FY 2025,23620.0,3810.0,2280.0,2234.448122360461,12.0,13.46,12.84514435695538,21.9025,2.737186714285712,0.6238893939393941,2.9739324543239936,1.8250260989767442,,1.8002054794520526,12.166666666666682,eps,16.13039796782388,12.894375857338819,8.001828989483318,35.106382978723396,341.73,USD,,,미분류,Stock Lists Top Analysts Top Stocks Corporate Actions,L3Harris Technologies Inc,1,글로벌우주테크&방산,3.41,0.6238893939393941,탈락,"PEG매출>1,ROE<10",,2026-08-25
NTRA,Natera,327.72,144.14,2710.0,47240.0,-12.54,-10.18,12.52,,0.13,,,,FY 2026,FY 2025,2910.0,-221.97,-192.94,,-1.39,-0.09,,,,,,,,,,,-7.627835051546391,-13.416017316017317,25.974025974025984,,336.74,USD,,기저효과→PEG(영익)fwd 기준,미분류,Stock Lists Top Analysts Top Stocks Corporate Actions,Natera Inc,1,글로벌바이오,3.36,,탈락,"PEG매출>1,PEG산출불가,ROE<10,이익률<10,fPER>30,전년이익률<5",기저효과(2y),2026-08-25
RVTY,Revvity,123.0,111.59,2910.0,13730.0,3.21,4.39,8.66,0.23,0.46,21.77,2.12,,FY 2026,FY 2025,2850.0,818.28,283.13,597.19918699187,5.35,5.89,16.779097619396783,22.990654205607477,,0.2616869807264512,9.506904345668499,2.9137881567625956,,2.2777777777777755,10.093457943925245,eps,28.711578947368423,15.23041958041958,-0.34965034965035446,87.85555223949126,121.07,USD,,,미분류,Stock Lists Top Analysts Top Stocks Corporate Actions,Revvity Inc,1,글로벌바이오,3.32,0.2616869807264512,탈락,"PEG매출>1,ROE<10",,2026-08-25
BRK-B,Berkshire Hathaway Inc,,,,,,,,,,,,,,,,,,,,,,,,,,,,,,,,,,,,,,실패: 404,미분류,,Berkshire Hathaway Inc,1,미국S&P500,3.24,,보류,컨센서스 없음,,2026-08-25
GOOG,Alphabet,344.4,12230.0,445870.0,4240000.0,48.68,24.93,10.79,0.26,0.19,25.61,,,FY 2026,FY 2025,497860.0,171650.0,251980.0,253488.96631823463,20.59,14.81,24.701427323041074,16.726566294317628,0.7091275485164084,0.5065468468948007,0.7296328546526684,0.981134746932288,,,-28.071879553181155,eps,34.4775639738079,32.03256876179128,23.587528547314072,33.02076875387478,422.34,USD,,,인터넷·플랫폼,Stock Lists Top Stocks Corporate Actions,Alphabet Inc,1,글로벌AI인공지능,3.23,0.5065468468948007,통과,,비지배괴리,2026-08-25
DIS,Disney,110.54,1730.0,98860.0,190990.0,8.01,7.11,10.15,1.36,0.39,14.84,2.39,-6.94,FY 2026,FY 2025,101450.0,19450.0,9900.0,11904.478921657317,6.89,7.44,9.819537275064267,16.043541364296082,2.1581077080206237,0.4217416004159176,2.685449716960609,1.3357819115889884,,2.0098181818181793,7.982583454281578,eps,19.17200591424347,14.921105580853542,7.434078153129309,38.04116394606103,127.72,USD,,,미분류,Stock Lists Top Stocks Corporate Actions,Walt Disney Co/The,1,글로벌소비트렌드,3.2,0.4217416004159176,탈락,"PEG매출>1,ROE<10",,2026-08-25
REGN,Regeneron Pharmaceuticals,828.5,99.85,15530.0,82730.0,14.04,13.5,5.17,0.45,0.09,13.63,1.15,,FY 2026,FY 2025,16920.0,6100.0,4770.0,5347.243814121907,53.55,60.61,13.562295081967212,15.471521942110178,0.8599287777126351,0.23851929660753188,1.1600786271172465,0.9124691290266087,,1.1735127478753544,13.18394024276377,eps,36.05200945626478,25.80195258019526,17.991631799163187,64.86486486486487,840.43,USD,,,미분류,Stock Lists Top Analysts Top Stocks Corporate Actions,Regeneron Pharmaceuticals Inc,1,글로벌바이오,3.14,0.23851929660753188,통과,,,2026-08-25
TEVA,Teva Pharmaceutical,36.93,1170.0,17320.0,43030.0,9.69,15.21,7.92,,2.18,13.12,2.19,,FY 2026,FY 2025,16580.0,3980.0,1140.0,3279.7256097560976,,,10.811557788944723,13.12,,,113.29116203702655,,,,,,24.004825090470447,22.885283893395133,-3.939745075318657,0.75949367088608,41.4,USD,,기저효과→PEG(영익)fwd 기준,미분류,Stock Lists Top Stocks Corporate Actions,Teva Pharmaceutical Industries Ltd,1,글로벌바이오,3.06,,탈락,"PEG매출>1,PEG산출불가,ROE<10",기저효과(2y),2026-08-25
AMGN,Amgen,443.83,540.63,38100.0,239950.0,91.47,19.76,6.14,2.27,4.9,18.93,3.64,,FY 2026,FY 2025,38940.0,16960.0,8600.0,12456.228736227835,23.04,24.4,14.147995283018869,19.26345486111111,3.2325660554604236,0.413503103419398,4.19811045593577,3.380475991661814,,3.2634558823529467,5.902777777777768,eps,43.55418592706729,31.482993197278912,5.959183673469393,46.58599827139154,388.48,USD,,,미분류,Stock Lists Top Analysts Top Stocks Corporate Actions,Amgen Inc,1,글로벌바이오,3.0,0.413503103419398,탈락,PEG매출>1,,2026-08-25
JPM,JPMorgan Chase,356.15,2660.0,186330.0,947350.0,17.79,,3.98,1.68,,14.77,1.46,,FY 2026,FY 2025,207980.0,99720.0,67530.0,64397.98820721606,24.21,25.01,9.500100280786201,14.710863279636513,1.051311008762116,0.9891944549227306,1.8163807677549118,1.1686129725278473,,4.4518749999999825,3.304419661296998,eps,47.946917972882005,47.58015894765689,13.992874760208274,14.871558576200904,374.57,USD,,,미분류,Stock Lists Top Stocks Corporate Actions,JPMorgan Chase & Co,1,미국S&P500,2.99,0.9891944549227306,탈락,PEG매출>1,,2026-08-25
MEDP,Medpace Holdings,620.03,27.91,2780.0,17310.0,162.15,573.33,10.49,,0.33,33.88,2.65,,FY 2026,FY 2025,2850.0,599.94,502.56,494.14867022563425,17.7,19.31,28.85288528852885,35.02994350282486,2.7695549081920916,2.8829104580617106,3.7122885760780164,2.8212766605982558,,3.8511180124223654,9.0960451977401,eps,21.050526315789476,21.143873517786563,12.648221343873512,12.150895427524588,581.83,USD,,,미분류,Stock Lists Top Stocks Corporate Actions,Medpace Holdings Inc,1,글로벌바이오,2.93,2.8829104580617106,탈락,"PEG매출>1,PEG영익>1,fPER>30",,2026-08-25
CAT,Caterpillar,811.02,459.67,74730.0,372810.0,56.97,18.3,11.76,0.8,2.33,28.21,1.55,,FY 2026,FY 2025,79160.0,15110.0,12400.0,12549.27498705334,27.3,32.28,24.673064195896757,29.707692307692305,1.7354735722358885,1.0428730195177953,2.1200093257821497,0.9857104572912995,,1.6285542168674696,18.241758241758244,eps,19.087923193532085,17.399023524189968,17.117916851605266,28.486394557823136,979.22,USD,,,미분류,Stock Lists Top Analysts Top Stocks Corporate Actions,Caterpillar Inc,1,미국S&P500,2.89,1.0428730195177953,탈락,"PEG매출>1,PEG영익>1",,2026-08-25
CRS,Carpenter Technology,477.1,49.56,3120.0,23640.0,25.75,22.32,11.09,0.17,0.33,35.67,1.67,,FY 2027,FY 2026,3480.0,877.98,670.88,662.9704464472857,13.38,15.88,26.925442492995284,35.657698056801195,3.0903338315894358,1.3609315634253127,3.259375698578842,1.659732080166065,,1.9083999999999997,18.68460388639761,eps,25.22931034482759,22.298076923076923,11.538461538461542,26.200948684777913,625.88,USD,,,미분류,Stock Lists Top Analysts Top Stocks Corporate Actions,Carpenter Technology Corp,1,글로벌우주테크&방산,2.87,1.3609315634253127,탈락,"PEG매출>1,PEG영익>1,fPER>30",,2026-08-25
TDG,TransDigm Group,1199.08,55.28,10010.0,66280.0,,15.42,7.61,7.51,,25.75,1.67,-14.87,FY 2026,FY 2025,10500.0,4880.0,2100.0,2276.8065516896286,41.19,48.4,13.581967213114755,29.11094925952901,1.5392196524649175,1.7980292189709084,2.012010309113032,2.0994632718611763,,1.6630790568654648,17.504248604030103,eps,46.476190476190474,47.56511891279728,18.9127972819932,16.1904761904762,1523.0,USD,,,미분류,Stock Lists Top Stocks Corporate Actions,TransDigm Group Inc,1,글로벌우주테크&방산,2.83,1.7980292189709084,탈락,"PEG매출>1,PEG영익>1,ROE<10",,2026-08-25
TGT,Target,169.89,454.29,107710.0,77180.0,26.41,13.27,8.04,2.73,1.07,18.29,3.13,,FY 2027,FY 2026,109970.0,6360.0,4580.0,4588.368944611219,10.1,9.5,12.135220125786164,16.82079207920792,3.3959202197676364,0.5851740343048389,4.0926097136362545,1.398851166017949,,,-5.940594059405935,eps,5.783395471492225,4.714640198511166,4.95323535025769,28.744939271255056,161.62,USD,,,미분류,Stock Lists Top Analysts Top Stocks Corporate Actions,Target Corp,1,글로벌소비트렌드,2.73,0.5851740343048389,탈락,"PEG매출>1,이익률<10,전년이익률<5",,2026-08-25
EXEL,Exelixis,54.56,247.78,2440.0,13520.0,44.39,66.0,6.49,,0.09,15.54,1.47,,FY 2026,FY 2025,2550.0,1030.0,820.64,887.1260997067449,3.58,4.16,13.12621359223301,15.240223463687151,1.53727471459801,0.9908920237460696,1.357872756214157,0.9397428245166619,,0.9406896551724133,16.201117318435763,eps,40.3921568627451,38.47844827586207,9.913793103448265,15.380306934020371,53.0,USD,,,미분류,Stock Lists Top Analysts Top Stocks Corporate Actions,Exelixis Inc,1,글로벌바이오,2.66,0.9908920237460696,탈락,PEG매출>1,,2026-08-25
HONA,Honeywell Aerospace,161.2,316.95,17920.0,51090.0,,18.31,,,,19.49,,,FY 2026,FY 2025,18320.0,4360.0,2190.0,2472.0967741935488,7.8,9.11,11.71788990825688,20.666666666666664,3.9086956521739156,0.9635497835497829,3.035441644047423,,,1.230534351145039,16.79487179487178,eps,23.799126637554586,20.632183908045974,5.287356321839076,21.448467966573826,218.38,USD,,,미분류,Stock Lists Top Stocks Corporate Actions,Honeywell Aerospace Inc,1,글로벌우주테크&방산,2.65,0.9635497835497829,탈락,"PEG매출>1,ROE<10",,2026-08-25
ABBV,AbbVie,264.52,1770.0,64390.0,467440.0,,17.7,5.42,2.62,,17.43,1.29,,FY 2026,FY 2025,67580.0,31280.0,13860.0,24757.426281566615,14.01,16.28,14.94373401534527,18.880799428979298,1.7986755343868768,0.3924827597835068,1.9585899755502025,0.6842579194437528,,1.1652863436123333,16.202712348322645,eps,46.28588339745487,34.53237410071942,10.497056899934588,48.106060606060595,276.59,USD,,,미분류,Stock Lists Top Stocks Corporate Actions,AbbVie Inc,1,글로벌바이오,2.56,0.3924827597835068,탈락,"PEG매출>1,ROE<10",,2026-08-25
TDY,Teledyne Technologies,625.21,46.36,6370.0,28980.0,9.15,8.08,8.83,,0.19,28.95,3.11,,FY 2026,FY 2025,6560.0,1290.0,979.96,1145.831960461285,24.72,26.73,22.46511627906977,25.291666666666668,3.517840909090911,2.2567948717948734,3.992200586453608,2.4669745904049147,,3.11049751243781,8.131067961165051,eps,19.664634146341463,18.954248366013072,7.189542483660127,11.206896551724132,757.25,USD,,,미분류,Stock Lists Top Stocks Corporate Actions,Teledyne Technologies Inc,1,글로벌우주테크&방산,2.56,2.2567948717948734,탈락,"PEG매출>1,PEG영익>1,ROE<10",,2026-08-25
ROK,Rockwell Automation,429.69,111.05,8970.0,47720.0,30.63,21.36,12.02,1.29,1.03,29.7,2.06,,FY 2026,FY 2025,9050.0,1920.0,1440.0,1467.0604389210828,13.21,14.83,24.854166666666668,32.527630582891746,3.8208512543847526,0.9237847085541256,4.641105987237372,1.7418467112527565,,2.652407407407408,12.263436790310367,eps,21.215469613259668,17.026378896882495,8.513189448441238,35.2112676056338,477.79,USD,,,미분류,Stock Lists Top Stocks Corporate Actions,Rockwell Automation Inc,1,글로벌휴머노이드로봇,2.4,0.9237847085541256,탈락,"PEG매출>1,fPER>30",,2026-08-25
CW,Curtiss-Wright,614.97,36.93,3650.0,22710.0,19.75,16.5,8.78,0.17,0.41,38.18,2.63,,FY 2026,FY 2025,3800.0,729.07,576.7,564.6387628664812,15.29,17.13,31.14927236067867,40.22040549378679,4.692380640941797,4.694874170919087,4.8084854703486375,2.9169314836866183,,3.3422282608695637,12.03400915631132,eps,19.18605263157895,19.186857142857143,8.571428571428562,8.566876135449885,806.5,USD,,,미분류,Stock Lists Top Analysts Top Stocks Corporate Actions,Curtiss-Wright Corp,1,글로벌우주테크&방산,2.29,4.694874170919087,탈락,"PEG매출>1,PEG영익>1,fPER>30",,2026-08-25
AXON,Axon Enterprise,597.59,81.24,3220.0,48550.0,6.22,1.18,11.67,,0.5,66.51,2.26,-22.01,FY 2026,FY 2025,3710.0,186.44,291.87,626.3834736190365,7.71,10.56,260.40549238360865,77.50843060959792,2.316918678437444,,2.4791657217540477,3.2079417647398913,,2.0968070175438593,36.964980544747085,eps,5.025336927223719,-1.066546762589928,33.453237410071935,,693.4,USD,,기저효과→PEG(영익)fwd 기준,미분류,Stock Lists Top Stocks Corporate Actions,Axon Enterprise Inc,1,글로벌우주테크&방산,2.27,2.0968070175438593,탈락,"PEG매출>1,PEG영익>1,ROE<10,이익률<10,fPER>30,전년이익률<5",기저효과(fwd),2026-08-25
BAX,Baxter International,26.5,517.0,11470.0,13700.0,-14.37,6.8,5.4,0.15,1.56,12.57,,,FY 2026,FY 2025,11620.0,1580.0,372.0,1059.811320754717,2.05,2.04,8.670886075949367,12.926829268292684,3.8236200256739346,,4.750784701413858,,,,-0.4878048780487698,eps,13.59724612736661,9.252669039145907,3.380782918149472,51.92307692307692,28.73,USD,,기저효과→PEG(영익)fwd 기준,미분류,Stock Lists Top Stocks Corporate Actions,Baxter International Inc,1,글로벌바이오,2.27,,탈락,"PEG매출>1,FY2역성장,ROE<10",기저효과(fwd),2026-08-25
GPCR,Structure Therapeutics,49.01,71.31,,3490.0,-20.21,-15.65,-4.03,,0.0,,,,FY 2026,FY 2025,38.46,-445.89,-308.52,,-1.55,-2.11,,,,,,,,,,,-1159.3603744149766,,,,104.77,USD,,기저효과→PEG(영익)fwd 기준,미분류,Stock Lists Top Stocks Corporate Actions,Structure Therapeutics Inc,1,글로벌바이오,2.27,,탈락,"PEG매출>1,PEG산출불가,ROE<10,이익률<10,fPER>30,전년이익률<5",기저효과(2y),2026-08-25
ILMN,Illumina,223.25,151.0,4490.0,33710.0,32.34,17.35,11.66,,0.89,39.13,3.62,,FY 2026,FY 2025,4620.0,1090.0,760.34,809.341993281075,5.36,6.1,30.926605504587155,41.651119402985074,6.455923507462693,,6.544494661919912,3.396086555215728,,3.0168918918918965,13.80597014925371,eps,23.593073593073594,20.023041474654377,6.451612903225801,25.43153049482163,198.89,USD,,기저효과→PEG(영익)fwd 기준,미분류,Stock Lists Top Analysts Top Stocks Corporate Actions,Illumina Inc,1,글로벌바이오,2.12,3.0168918918918965,탈락,"PEG매출>1,PEG영익>1,fPER>30",기저효과(fwd),2026-08-25
ICLR,ICLR,172.84,77.15,8290.0,13380.0,0.29,0.67,8.96,,0.38,15.6,2.44,-1.34,FY 2026,FY 2025,8119.999999999999,1160.0,453.54,819.7998148576719,10.59,11.88,11.53448275862069,16.32105760151086,,0.09510447634739476,15.922215669024668,,,1.3398449612403096,12.181303116147312,eps,14.285714285714288,5.176727272727272,-1.575757575757586,171.61187599512974,185.56,USD,,,미분류,Stock Lists Top Stocks Corporate Actions,ICON PLC,1,글로벌바이오,2.11,1.3398449612403096,탈락,"PEG매출>1,PEG영익>1,ROE<10",기저효과(fwd),2026-08-25
CVX,Chevron,203.09,1960.0,209380.0,398380.0,12.23,8.22,6.57,3.51,0.19,13.07,0.97,,FY 2026,FY 2025,228310.0,45610.0,30480.0,31267.798512974543,15.94,13.24,8.734488050866037,12.74090338770389,0.5388474142325981,0.08027953063803417,1.7467120451632,0.36647632395680346,,,-16.938519447929735,eps,19.97722394989269,9.547793122122936,23.644733279176823,158.70674985819625,217.88,USD,,,미분류,Stock Lists Top Analysts Top Stocks Corporate Actions,Chevron Corp,1,미국S&P500,2.06,,탈락,FY2역성장,기저효과(fwd),2026-08-25
IBM,IBM,231.04,942.13,69100.0,217670.0,34.46,13.96,6.79,2.93,1.89,18.05,2.67,-4.56,FY 2026,FY 2025,70380.0,14970.0,9870.0,11607.0567867036,12.32,13.16,14.540414161656647,18.753246753246753,4.459839034205242,1.0070892511743574,4.567478202055487,2.859580699526605,,2.750476190476193,6.818181818181812,eps,21.270247229326515,18.68522357121706,4.204915605567061,18.621236133122032,244.91,USD,,,소프트웨어,Stock Lists Top Stocks Corporate Actions,International Business Machines Corp,1,글로벌AI인공지능,2.03,1.0070892511743574,탈락,"PEG매출>1,PEG영익>1",,2026-08-25
ROIV,Roivant Sciences,36.03,722.32,7.53,26260.0,-8.52,-118.82,10.4,,0.02,,,,FY 2027,FY 2026,48.09,-1390.0,-975.08,,-1.58,-1.72,,,,,,,,,,,-2890.413807444375,-15496.36803874092,482.20338983050857,,41.82,USD,,기저효과→PEG(영익)fwd 기준,미분류,Stock Lists Top Analysts Top Stocks Corporate Actions,Roivant Sciences Ltd,1,글로벌바이오,2.02,,탈락,"PEG매출>1,PEG산출불가,ROE<10,이익률<10,fPER>30,전년이익률<5",기저효과(2y),2026-08-25
IONS,Ionis Pharmaceuticals,62.04,166.18,874.09,10310.0,-105.5,-72.03,5.88,,4.98,,,,FY 2026,FY 2025,913.4,-590.45,-602.43,,-2.59,-1.05,,,,,,,,,,,-64.6430917451281,-40.444628116688385,-3.2117917580612776,,88.0,USD,,기저효과→PEG(영익)fwd 기준,미분류,Stock Lists Top Stocks Corporate Actions,Ionis Pharmaceuticals Inc,1,글로벌바이오,1.96,,탈락,"PEG매출>1,PEG산출불가,ROE<10,이익률<10,fPER>30,전년이익률<5",기저효과(2y),2026-08-25
CRM,Salesforce,209.06,819.0,42830.0,171220.0,16.91,11.07,8.7,0.84,1.24,15.0,0.93,-15.8,FY 2027,FY 2026,46110.0,15840.0,7100.0,11580.650530948054,14.14,15.52,10.809343434343434,14.785007072135784,1.3406579556895173,0.190581305033889,1.4347946928612687,1.3040142897824978,,1.5149275362318853,9.759547383309751,eps,34.35263500325309,21.4784493137491,11.028172405490011,77.57847533632287,243.98,USD,,,소프트웨어,Stock Lists Top Stocks Corporate Actions,Salesforce Inc,1,글로벌AI인공지능,1.93,0.190581305033889,탈락,PEG매출>1,,2026-08-25
BMY,BMY,67.26,2040.0,49190.0,137430.0,46.6,21.68,4.87,3.75,2.02,10.48,,,FY 2026,FY 2025,49850.0,17720.0,11180.0,14200.691347011596,6.95,6.56,7.755643340857787,9.67769784172662,2.809447343330158,,,2.950917179084389,,,-5.611510791366914,eps,35.54663991975928,31.209794563187383,3.4446980701390295,17.819148936170205,66.21,USD,,기저효과→PEG(영익)fwd 기준,미분류,Stock Lists Top Analysts Top Stocks Corporate Actions,Bristol-Myers Squibb Co,1,글로벌바이오,1.9,,탈락,"PEG매출>1,FY2역성장",기저효과(fwd),2026-08-25
UNH,UnitedHealth Group Inc,,,,,,,,,,,,,,,,,,,,,,,,,,,,,,,,,,,,,,실패: forecast 표 없음,미분류,Stock Lists Top Stocks Corporate Actions,UnitedHealth Group Inc,1,미국S&P500,1.87,,보류,컨센서스 없음,,2026-08-25
BKNG,Booking Holdings,213.35,751.38,28240.0,160310.0,,92.45,9.43,0.79,,19.16,1.15,-6.76,FY 2026,FY 2025,29260.0,10370.0,8090.0,7852.07171314741,10.45,12.38,15.459016393442623,20.416267942583733,2.3487433034801484,2.201708895171815,2.257216316475624,1.236606127341522,,1.1054404145077708,18.468899521531124,eps,35.440874914559124,35.25260029717682,8.692421991084686,9.272918861959955,237.81,USD,,,미분류,Stock Lists Top Stocks Corporate Actions,Booking Holdings Inc,1,글로벌소비트렌드,1.77,2.201708895171815,탈락,"PEG매출>1,PEG영익>1,ROE<10",,2026-08-25
ALNY,Alnylam Pharmaceuticals,236.01,133.81,4800.0,31580.0,96.55,96.6,5.93,,2.21,28.78,,-48.06,FY 2026,FY 2025,5490.0,1210.0,914.91,1193.5663743061734,8.92,12.59,26.09917355371901,26.458520179372197,0.5514669093565779,,0.71955621529038,0.4607279035523264,,0.6430790190735695,41.143497757847534,eps,22.040072859744992,13.519676549865228,47.97843665768193,141.23768890306633,370.2,USD,,기저효과→PEG(영익)fwd 기준,미분류,Stock Lists Top Analysts Top Stocks Corporate Actions,Alnylam Pharmaceuticals Inc,1,글로벌바이오,1.73,0.6430790190735695,통과,,기저효과(fwd),2026-08-25
ATI,ATI Inc.,209.81,136.17,4720.0,28570.0,25.36,18.44,9.39,,1.1,38.22,1.19,,FY 2026,FY 2025,5150.0,988.65,666.13,698.5563128544874,5.13,6.22,28.89799221160168,40.89863547758285,3.3522274436090207,0.8138908859594591,3.804152453015383,1.060782557084152,,1.9248623853211009,21.247563352826514,eps,19.197087378640777,14.335511982570806,12.200435729847502,50.25075987841945,248.44,USD,,,미분류,Stock Lists Top Analysts Top Stocks Corporate Actions,ATI Inc,1,글로벌우주테크&방산,1.72,0.8138908859594591,탈락,"PEG매출>1,fPER>30",,2026-08-25
ABNB,Airbnb,190.06,589.59,13160.0,112150.0,34.54,16.81,10.31,,0.32,34.19,1.8,,FY 2026,FY 2025,14150.0,3160.0,3170.0,3115.6055982321377,5.28,6.14,35.49050632911393,35.99621212121212,2.306772965254642,1.4746835288367546,2.679156406769678,1.5361262789461874,,2.21,16.287878787878785,eps,22.3321554770318,20.751633986928105,15.604575163398682,24.409448818897637,176.76,USD,,,미분류,Stock Lists Top Analysts Top Stocks Corporate Actions,Airbnb Inc,1,글로벌소비트렌드,1.7,1.4746835288367546,탈락,"PEG매출>1,PEG영익>1,fPER>30",,2026-08-25
NOW,ServiceNow,128.05,1030.0,14730.0,132390.0,14.24,10.28,8.85,,0.68,28.26,1.16,-27.8,FY 2026,FY 2025,16219.999999999998,5110.0,1640.0,4207.94455290902,4.07,5.01,25.908023483365948,31.461916461916463,1.4211369068511936,0.20232743705412512,1.5401028174141775,1.6157705972357224,,1.3622340425531927,23.095823095823075,eps,31.50431565967941,15.060240963855422,22.138554216867455,155.50000000000003,142.23,USD,,,소프트웨어,Stock Lists Top Stocks Corporate Actions,ServiceNow Inc,1,글로벌AI인공지능,1.69,1.3622340425531927,탈락,"PEG매출>1,PEG영익>1,fPER>30",기저효과(fwd),2026-08-25
NEE,NextEra Energy Inc,,,,,,,,,,,,,,,,,,,,,,,,,,,,,,,,,,,,,,실패: forecast 표 없음,미분류,Stock Lists Top Stocks Corporate Actions,NextEra Energy Inc,1,미국S&P500,1.57,,보류,컨센서스 없음,,2026-08-25
NEM,Newmont,131.94,1050.0,25770.0,138540.0,25.91,27.93,6.8,0.79,0.16,13.06,0.87,,FY 2026,FY 2025,26690.0,14720.0,10350.0,9880.713960891315,9.41,10.58,9.411684782608695,14.02125398512221,0.790701064285374,0.41610244306252164,1.0830018220903004,0.5862300407012242,,1.1276923076923067,12.433581296493102,eps,55.151742225552645,48.566387295985884,17.73268636965153,33.69663941871026,132.44,USD,,,미분류,Stock Lists Top Analysts Top Stocks Corporate Actions,Newmont Corp,1,미국S&P500,1.46,0.41610244306252164,통과,,,2026-08-25
VTRS,Viatris,16.52,1150.0,14740.0,19000.0,-2.75,5.89,6.5,2.9,0.96,6.51,1.78,,FY 2026,FY 2025,14780.0,4050.0,-27.26,2875.302663438257,2.5,2.67,4.691358024691358,6.608,1.9686333333333295,,2.6215164380850786,1.002535860325813,,0.971764705882352,6.800000000000006,eps,27.40189445196211,8.6013986013986,3.356643356643363,229.2682926829268,18.5,USD,,기저효과→PEG(영익)fwd 기준,미분류,Stock Lists Top Analysts Top Stocks Corporate Actions,Viatris Inc,1,글로벌바이오,1.4,0.971764705882352,탈락,"PEG매출>1,ROE<10",기저효과(fwd),2026-08-25
CMCSA,Comcast,27.01,3550.0,124900.0,95880.0,11.49,8.15,5.84,4.89,1.0,7.68,,-20.88,FY 2026,FY 2025,120640.0,17990.0,10720.0,12495.283228433913,3.52,3.62,5.329627570872707,7.673295454545455,,,,,,2.701000000000008,2.840909090909083,eps,14.912135278514588,16.708431008002584,-2.481610217444019,-12.965650701499754,30.08,USD,,,미분류,Stock Lists Top Stocks Corporate Actions,Comcast Corp,1,글로벌소비트렌드,1.38,,탈락,"PEG매출>1,PEG영익>1",,2026-08-25
HON,Honeywell International,214.77,316.94,38060.0,68070.0,46.58,13.48,7.27,1.3,1.85,23.3,1.52,-2.49,FY 2026,FY 2025,20160.0,3830.0,2000.0,2633.8022070121524,8.31,9.99,17.772845953002612,25.84476534296029,,,,,,1.2783928571428573,20.216606498194945,eps,18.998015873015873,18.91025641025641,-46.15384615384615,-45.90395480225988,263.85,USD,,,미분류,Stock Lists Top Analysts Top Stocks Corporate Actions,Honeywell International Inc,1,글로벌우주테크&방산,1.38,,탈락,"PEG매출>1,PEG영익>1",,2026-08-25
ROP,Roper Technologies,415.47,98.9,8280.0,41090.0,13.07,6.66,7.14,0.88,0.61,17.67,2.44,-22.6,FY 2026,FY 2025,8570.0,2420.0,2530.0,2197.5589091871852,22.22,24.29,16.979338842975206,18.6980198019802,2.204691887099158,2.326864686468649,2.572806220074894,1.8323567384835424,,2.007101449275364,9.31593159315931,eps,28.23803967327888,28.354430379746837,8.481012658227849,8.03571428571428,445.2,USD,,,소프트웨어,Stock Lists Top Stocks Corporate Actions,Roper Technologies Inc,1,글로벌AI인공지능,1.38,2.326864686468649,탈락,"PEG매출>1,PEG영익>1",,2026-08-25
TTWO,TTWO,233.5,186.98,6690.0,43660.0,-9.04,-2.03,9.29,,0.82,28.91,1.06,,FY 2027,FY 2026,8520.0,1570.0,258.3,1284.5576017130622,6.87,10.3,27.808917197452228,33.98835516739447,1.2170023947034792,,1.9246101297513047,0.5810068851735423,,0.6807580174927111,49.92721979621544,eps,18.427230046948356,-1.1936936936936937,27.927927927927932,,286.89,USD,,기저효과→PEG(영익)fwd 기준,미분류,Stock Lists Top Stocks Corporate Actions,Take-Two Interactive Software Inc,1,글로벌소비트렌드,1.38,0.6807580174927111,탈락,"PEG매출>1,ROE<10,fPER>30,전년이익률<5",기저효과(fwd),2026-08-25
LYV,Live Nation Entertainment,183.98,232.96,26270.0,43000.0,17.68,13.87,8.59,,6.2,140.29,,,FY 2026,FY 2025,28120.0,1050.0,-79.49,306.50794782236795,-0.44,1.89,40.95238095238095,140.29,12.107219178082188,,13.522523707357008,,,,,,3.733997155049787,5.238095238095238,11.58730158730159,-20.45454545454546,201.96,USD,,,미분류,Stock Lists Top Stocks Corporate Actions,Live Nation Entertainment Inc,1,글로벌소비트렌드,1.31,,탈락,"PEG매출>1,PEG영익>1,이익률<10,fPER>30",,2026-08-25
FWONK,Formula One Group,106.38,250.01,4040.0,26670.0,2.73,2.59,7.3,,0.6,44.35,,,FY 2025,FY 2024,4440.0,556.88,565.26,544.0298928369995,2.17,1.58,47.89182588708519,49.02304147465438,2.26498862509479,,3.4529061480206993,0.3898131329369623,,,-27.188940092165893,eps,12.54234234234234,10.73972602739726,21.643835616438366,42.061224489795926,120.38,USD,,기저효과→PEG(영익)fwd 기준,미분류,Stock Lists Top Stocks Corporate Actions,Liberty Media Corp-Liberty Formula One,1,글로벌소비트렌드,1.28,,탈락,"PEG매출>1,FY2역성장,ROE<10,fPER>30",기저효과(fwd),2026-08-25
KTOS,KTOS,53.07,187.72,1520.0,9960.0,1.15,0.82,10.19,,0.06,57.31,,-20.45,FY 2026,FY 2025,1790.0,19.6,37.08,153.89485585076315,0.82,1.12,508.1632653061224,64.71951219512195,1.9857123059866961,,2.292100713397264,1.5156363656905425,,1.7689999999999997,36.585365853658544,eps,1.094972067039106,2.051851851851852,32.592592592592595,-29.241877256317682,105.62,USD,,기저효과→PEG(영익)fwd 기준,미분류,Stock Lists Top Stocks Corporate Actions,Kratos Defense & Security Solutions Inc,1,글로벌우주테크&방산,1.28,1.7689999999999997,탈락,"PEG매출>1,PEG영익>1,ROE<10,이익률<10,fPER>30,전년이익률<5",기저효과(fwd),2026-08-25
WBD,Warner Bros. Discovery,28.71,2510.0,36120.0,72060.0,-8.79,4.33,10.61,,0.94,155.64,9.21,,FY 2026,FY 2025,36220.0,-1300.0,-2720.0,462.99151888974563,-1.08,0.05,,155.64,,,1056.299808922674,,,,,,-3.5891772501380452,4.504021447721179,-2.895442359249334,,29.7,USD,,기저효과→PEG(영익)fwd 기준,미분류,Stock Lists Top Stocks Corporate Actions,Warner Bros Discovery Inc,1,글로벌소비트렌드,1.22,,탈락,"PEG매출>1,PEG산출불가,ROE<10,이익률<10,fPER>30,전년이익률<5",기저효과(2y),2026-08-25
V,Visa,381.49,1840.0,44490.0,701950.0,61.19,54.82,8.24,0.7,0.68,26.45,1.83,,FY 2026,FY 2025,45760.0,30850.0,23920.0,24325.091090198955,13.22,14.98,22.753646677471636,28.857034795763994,2.003960749705834,1.9149928288971094,2.2772118436028594,2.0206530812044803,,2.1675568181818186,13.313161875945534,eps,67.41695804195804,67.025,14.399999999999991,15.069004102946671,416.2,USD,,,미분류,Stock Lists Top Stocks Corporate Actions,Visa Inc,1,미국S&P500,1.21,1.9149928288971094,탈락,"PEG매출>1,PEG영익>1",,2026-08-25
HII,HII,294.63,39.4,13190.0,11610.0,12.97,8.25,4.98,1.87,0.55,15.07,1.05,,FY 2026,FY 2025,13330.0,758.16,734.66,730.5752978311781,18.54,20.84,15.313390313390315,15.891585760517799,2.333258709308963,,2.410180702827859,0.9709574997884521,,1.2809999999999988,12.405609492988145,eps,5.687621905476369,6.41826923076923,6.810897435897445,-5.348314606741578,368.08,USD,,,미분류,Stock Lists Top Stocks Corporate Actions,Huntington Ingalls Industries Inc,1,글로벌우주테크&방산,1.16,,탈락,"PEG매출>1,PEG영익>1,이익률<10",,2026-08-25
FTAI,FTAI Aviation,198.42,102.71,3110.0,20380.0,174.46,18.37,11.9,1.01,8.65,22.18,0.6,,FY 2026,FY 2025,3900.0,847.78,591.19,584.4279810502975,5.69,12.01,24.03925546722027,34.87170474516695,0.6296976900026551,3.4458579556105353,0.5830836982054531,0.5793136616594836,,0.3139556962025316,111.07205623901581,eps,21.73794871794872,30.67211155378486,55.37848605577689,10.119890371101615,368.1,USD,,,미분류,Stock Lists Top Analysts Top Stocks Corporate Actions,FTAI Aviation Ltd,1,글로벌우주테크&방산,1.14,3.4458579556105353,탈락,"PEG영익>1,fPER>30",비지배괴리,2026-08-25
KR,The Kroger Co.,59.09,613.0,148650.0,36220.0,13.78,14.44,5.06,2.64,3.73,11.23,1.58,-15.07,FY 2027,FY 2026,151130.0,4890.0,3150.0,3199.6683025892703,5.22,5.54,7.406952965235174,11.31992337164751,4.788749245243674,3.3464523467433014,5.491057891676714,1.6460696960109815,,1.8465624999999979,6.130268199233724,eps,3.2356249586448755,3.203738824166892,2.3638580330533676,3.3826638477801207,70.5,USD,,,미분류,Stock Lists Top Stocks Corporate Actions,Kroger Co/The,1,글로벌소비트렌드,1.12,3.3464523467433014,탈락,"PEG매출>1,PEG영익>1,이익률<10,전년이익률<5",,2026-08-25
ACN,Accenture,186.54,611.94,73100.0,114150.0,24.41,27.09,9.63,3.5,0.25,13.01,2.05,-28.04,FY 2026,FY 2025,73590.0,11520.0,8350.0,8487.512061756192,13.87,14.67,9.908854166666666,13.449170872386446,2.3903156496917424,2.17796274575213,2.7737574408269094,2.0639490880489095,,2.3317500000000004,5.767844268204758,eps,15.654300856094578,15.573417539830631,5.6265250466484895,6.175115207373283,181.31,USD,,,소프트웨어,Stock Lists Top Analysts Top Stocks Corporate Actions,Accenture PLC,1,글로벌AI인공지능,1.07,2.17796274575213,탈락,"PEG매출>1,PEG영익>1",,2026-08-25
CCL,Carnival Corporation,25.71,1370.0,27310.0,35210.0,26.69,11.73,11.77,2.33,2.02,11.01,0.94,-17.86,FY 2026,FY 2025,27640.0,4290.0,3050.0,3067.6935044729676,2.24,2.64,8.207459207459207,11.477678571428571,2.995449054621857,,3.1117071959126337,1.3794437753543616,,0.6427499999999998,17.85714285714286,eps,15.52098408104197,16.378662659654395,3.831705484598036,-1.6055045871559592,35.55,USD,,,미분류,Stock Lists Top Stocks Corporate Actions,Carnival Corp Ltd,1,글로벌소비트렌드,1.03,,탈락,"PEG매출>1,PEG영익>1",,2026-08-25
BWXT,BWX Technologies,149.52,91.62,3510.0,13700.0,28.29,10.78,7.53,0.72,1.51,29.73,2.4,-8.32,FY 2026,FY 2025,3810.0,524.12,401.9,434.3097913322632,4.74,5.25,26.13905212546745,31.544303797468356,1.6547831500311265,0.581578312268337,2.165851000691642,2.187317726067007,,2.931764705882356,10.759493670886066,eps,13.756430446194226,10.6190625,19.062500000000004,54.23913363350108,234.45,USD,,,미분류,Stock Lists Top Analysts Top Stocks Corporate Actions,BWX Technologies Inc,1,글로벌우주테크&방산,1.0,0.581578312268337,탈락,"PEG매출>1,fPER>30",,2026-08-25
SBUX,Starbucks,107.47,1140.0,38340.0,122520.0,,13.67,8.33,2.31,,36.48,1.86,,FY 2026,FY 2025,37990.0,4300.0,2670.0,2952.701218944822,2.59,3.12,28.493023255813952,41.49420849420849,19.046353973020587,2.4628820525594723,21.339098953573533,1.9732407919992379,,2.027735849056603,20.463320463320468,eps,11.318768096867597,9.897794513179129,2.1785906401291077,16.84782608695652,112.23,USD,,,미분류,Stock Lists Top Analysts Top Stocks Corporate Actions,Starbucks Corp,1,미국S&P500,1.0,2.4628820525594723,탈락,"PEG매출>1,PEG영익>1,ROE<10,fPER>30",,2026-08-25
LIN,Linde,490.02,460.98,35450.0,225890.0,18.4,12.37,7.53,1.31,0.69,26.21,3.01,,FY 2026,FY 2025,36300.0,10800.0,7650.0,8242.34357781315,17.88,19.57,20.91574074074074,27.406040268456376,4.032603068072868,2.152048080096819,4.721989966088039,3.032091771195671,,2.899526627218932,9.451901565995534,eps,29.75206611570248,28.184760223595173,6.796116504854366,12.734864300626313,547.24,USD,,,미분류,Stock Lists Top Analysts Top Stocks Corporate Actions,Linde PLC,1,미국S&P500,0.96,2.152048080096819,탈락,"PEG매출>1,PEG영익>1",,2026-08-25
PSKY,Paramount Skydance,10.37,1120.0,29110.0,11610.0,-0.9,7.17,7.83,1.93,1.26,12.54,0.55,-35.31,FY 2026,FY 2025,29890.0,1730.0,444.03,626.9623915139828,0.56,0.85,6.710982658959537,18.51785714285714,5.349808928571434,,6.9064076490470425,0.6648644725913997,,0.35758620689655185,51.785714285714256,eps,5.787888926062228,6.5420560747663545,3.4614053305642045,-8.465608465608465,9.81,USD,,기저효과→PEG(영익)fwd 기준,미분류,Stock Lists Top Stocks Corporate Actions,Paramount Skydance Corp,1,글로벌소비트렌드,0.92,0.35758620689655185,탈락,"PEG매출>1,ROE<10,이익률<10","기저효과(fwd),비지배괴리",2026-08-25
TKO,TKO Group,193.43,189.27,5300.0,36610.0,7.06,7.84,7.39,1.63,0.59,36.74,1.19,,FY 2026,FY 2025,5820.0,1590.0,495.13,662.4360233676265,3.5,3.99,23.0251572327044,55.26571428571429,2.4255507936507925,0.7041543009159841,4.857234855620924,1.0127291741373137,,3.94755102040816,14.000000000000012,eps,27.31958762886598,18.793881856540086,22.78481012658229,78.4852328727142,231.16,USD,,,미분류,Stock Lists Top Analysts Top Stocks Corporate Actions,TKO Group Holdings Inc,1,글로벌소비트렌드,0.92,0.7041543009159841,탈락,"PEG매출>1,ROE<10,fPER>30",비지배괴리,2026-08-25
BAC,Bank of America,62.35,6990.0,113930.0,435860.0,11.2,,3.8,2.05,,12.53,0.81,,FY 2026,FY 2025,124070.0,50400.0,34050.0,32715.714514835603,4.68,5.3,8.648015873015874,13.322649572649574,1.373556669705258,0.8219108278318802,1.7931908109699097,0.742461622202176,,1.005645161290323,13.247863247863245,eps,40.622229386636576,38.34659593280283,9.699381078691417,16.209361309661062,68.77,USD,,,미분류,Stock Lists Top Analysts Top Stocks Corporate Actions,Bank of America Corp,1,미국S&P500,0.9,0.8219108278318802,탈락,PEG매출>1,,2026-08-25
MS,Morgan Stanley,214.08,1570.0,77830.0,336230.0,17.97,3.43,3.88,2.15,5.17,16.38,1.5,,FY 2026,FY 2025,82660.0,27080.0,20340.0,20370.436752615846,12.97,13.63,12.416174298375184,16.505782575173477,0.938799769445547,5.156092080625624,1.510793090267127,1.0620991921205931,,3.2436363636363583,5.088666152659993,eps,32.76070650858941,37.32574679943101,17.581792318634413,3.2012195121951192,236.62,USD,,,미분류,Stock Lists Top Analysts Top Stocks Corporate Actions,Morgan Stanley,1,미국S&P500,0.89,5.156092080625624,탈락,PEG영익>1,,2026-08-25
ULTA,Ulta Beauty,538.7,42.99,12710.0,23160.0,47.45,26.13,8.14,,0.89,18.19,1.94,,FY 2027,FY 2026,13250.0,1650.0,1240.0,1237.7508817523667,28.79,31.82,14.036363636363637,18.71135811045502,2.695741011494622,2.3856981590830166,3.0440630219484364,1.6411298368514684,,1.7778877887788775,10.52448766932963,eps,12.452830188679245,12.34866828087167,6.94108151735271,7.843137254901955,623.42,USD,,,미분류,Stock Lists Top Analysts Top Stocks Corporate Actions,Ulta Beauty Inc,1,글로벌소비트렌드,0.86,2.3856981590830166,탈락,"PEG매출>1,PEG영익>1",,2026-08-25
EXPE,Expedia Group,339.11,120.02,15700.0,40700.0,89.49,256.54,10.38,0.57,2.3,15.27,0.67,,FY 2026,FY 2025,16200.0,2840.0,2270.0,2504.818495473445,20.87,24.19,14.330985915492958,16.248682319118352,1.628184289527983,0.5161346148425828,1.9049667455414512,0.6914384350688465,,1.0214156626506026,15.908001916626734,eps,17.530864197530864,14.663951120162933,9.979633401221989,31.481481481481488,336.23,USD,,,미분류,Stock Lists Top Stocks Corporate Actions,Expedia Group Inc,1,글로벌소비트렌드,0.8,0.5161346148425828,탈락,PEG매출>1,,2026-08-25
XYZ,Block,81.38,600.79,25040.0,48890.0,1.61,2.72,16.15,,0.33,17.77,0.7,,FY 2026,FY 2025,26040.0,2230.0,1040.0,2433.085524698943,4.05,5.19,21.923766816143498,20.093827160493827,2.627403670337002,0.752449697924875,2.1382699022498746,0.41877661708258435,,0.7138596491228065,28.148148148148167,eps,8.563748079877112,7.275733774286895,7.647788342290207,26.70454545454546,97.98,USD,,,미분류,Stock Lists Top Analysts Top Stocks Corporate Actions,Block Inc,1,글로벌소비트렌드,0.78,0.752449697924875,탈락,"PEG매출>1,ROE<10,이익률<10",,2026-08-25
ACHR,Archer Aviation,6.07,770.02,6.9,4670.0,-44.47,-30.71,21.42,,0.07,,,-37.23,FY 2026,FY 2025,15.13,-1010.0,-1030.0,,-0.96,-0.81,,,,,,,,,,,-6675.4791804362185,-243100.0,4943.333333333334,,10.61,USD,,기저효과→PEG(영익)fwd 기준,미분류,Stock Lists Top Analysts Top Stocks Corporate Actions,Archer Aviation Inc,1,글로벌우주테크&방산,0.76,,탈락,"PEG매출>1,PEG산출불가,ROE<10,이익률<10,fPER>30,전년이익률<5",기저효과(2y),2026-08-25
MTCH,Match Group,41.72,229.55,3510.0,9580.0,,25.77,9.34,1.92,,13.84,0.75,,FY 2026,FY 2025,3480.0,983.25,679.96,907.0230105465005,3.95,4.58,9.74319857615052,10.562025316455696,,3.8400907621868914,5.723322424676189,0.5756675677604376,,0.6622222222222224,15.949367088607591,eps,28.254310344827587,27.419197707736387,-0.2865329512893977,2.7504624162687064,41.88,USD,,,미분류,Stock Lists Top Analysts Top Stocks Corporate Actions,Match Group Inc,1,글로벌소비트렌드,0.76,3.8400907621868914,탈락,"PEG매출>1,PEG영익>1,ROE<10",,2026-08-25
ETSY,"Etsy, Inc.",86.6,91.78,2940.0,7990.0,,26.36,10.45,,,14.13,1.17,,FY 2026,FY 2025,2850.0,537.3,283.07,548.0438799076213,5.94,6.89,14.870649544016379,14.579124579124578,,0.31665421358437496,8.469849358878943,0.3617129232014642,,0.9115789473684216,15.993265993265982,eps,18.852631578947367,12.774652777777778,-1.041666666666663,46.041151368541186,87.04,USD,,,미분류,Stock Lists Top Analysts Top Stocks Corporate Actions,Etsy Inc,1,글로벌소비트렌드,0.75,0.31665421358437496,탈락,"PEG매출>1,ROE<10",,2026-08-25
MSGS,Madison Square Garden Sports,402.61,24.08,1150.0,9690.0,,1.5,6.72,,,,,,FY 2027,FY 2026,1080.0,-3.6,-23.48,,-0.56,-0.19,,,,,,,,,,,-0.33333333333333337,2.672173913043478,-6.086956521739129,,480.67,USD,,기저효과→PEG(영익)fwd 기준,미분류,Stock Lists Top Analysts Top Stocks Corporate Actions,Madison Square Garden Sports Corp,1,글로벌소비트렌드,0.75,,탈락,"PEG매출>1,PEG산출불가,ROE<10,이익률<10,fPER>30,전년이익률<5",기저효과(2y),2026-08-25
SPHR,Sphere Entertainment Co.,157.31,35.91,1360.0,5650.0,-3.1,-3.21,11.77,,0.41,,,,FY 2026,FY 2025,1370.0,-91.26,-86.08,,-1.88,-2.05,,,,,,,,,,,-6.661313868613139,-12.63360655737705,12.295081967213118,,178.77,USD,,기저효과→PEG(영익)fwd 기준,미분류,Stock Lists Top Stocks Corporate Actions,Sphere Entertainment Co,1,글로벌소비트렌드,0.75,,탈락,"PEG매출>1,PEG산출불가,ROE<10,이익률<10,fPER>30,전년이익률<5",기저효과(2y),2026-08-25
M,Macy's,23.19,263.04,22720.0,6100.0,14.36,7.48,7.3,3.31,1.06,10.24,,,FY 2027,FY 2026,21810.0,926.55,638.2,589.2194911599828,2.24,2.34,6.58356267875452,10.352678571428571,,1.832350980250827,,24.06986659781825,,2.3190000000000084,4.464285714285698,eps,4.2482806052269595,3.87709991158267,-3.5809018567639295,5.649942987457246,22.95,USD,,,미분류,Stock Lists Top Analysts Top Stocks Corporate Actions,Macys Inc,1,글로벌소비트렌드,0.72,1.832350980250827,탈락,"PEG매출>1,PEG영익>1,이익률<10,전년이익률<5",,2026-08-25
AVAV,AeroVironment,148.2,50.42,1980.0,7470.0,-10.03,-1.55,10.86,,0.19,45.72,1.66,-38.21,FY 2027,FY 2026,2190.0,4.82,18.53,163.3117408906883,3.24,4.4,1549.792531120332,45.74074074074073,4.312698412698416,,3.50803945092438,2.990471262804616,,1.2775862068965513,35.802469135802475,eps,0.22009132420091324,-3.5555555555555554,10.606060606060597,,225.77,USD,,기저효과→PEG(영익)fwd 기준,미분류,Stock Lists Top Stocks Corporate Actions,AeroVironment Inc,1,글로벌우주테크&방산,0.71,1.2775862068965513,탈락,"PEG매출>1,PEG영익>1,ROE<10,이익률<10,fPER>30,전년이익률<5",기저효과(fwd),2026-08-25
GS,The Goldman Sachs Group,1036.28,302.77,67570.0,313750.0,16.9,2.14,2.93,1.93,7.25,14.85,1.03,,FY 2026,FY 2025,72130.0,28830.0,21570.0,21411.587601806463,70.72,74.03,10.882761012833853,14.653280542986424,0.6837430198377015,0.49549466881679016,1.297000372902487,0.7288430105170914,,3.130755287009067,4.680429864253388,eps,39.969499514765005,37.45791245791246,21.430976430976422,29.57303370786517,1142.0,USD,,,미분류,Stock Lists Top Analysts Top Stocks Corporate Actions,Goldman Sachs Group Inc/The,1,미국S&P500,0.68,0.49549466881679016,통과,,,2026-08-25
JOYY,JOYY Inc.,73.47,50.38,2190.0,3700.0,3.26,1.01,6.73,8.17,0.01,12.49,1.23,,FY 2026,FY 2025,2330.0,171.77,210.59,272.45134068327206,5.41,6.37,21.540431972987133,13.580406654343808,1.370974386057565,,1.3442130345633192,1.4254174980194474,,0.7653124999999998,17.744916820702407,eps,7.372103004291845,3.0377358490566038,9.905660377358494,166.72360248447205,81.08,USD,,기저효과→PEG(영익)fwd 기준,미분류,Stock Lists Top Stocks Corporate Actions,JOYY Inc,1,글로벌소비트렌드,0.65,0.7653124999999998,탈락,"PEG매출>1,ROE<10,이익률<10,전년이익률<5",기저효과(fwd),2026-08-25
SNAP,Snap Inc.,5.53,1690.0,6350.0,9350.0,-15.58,-3.26,7.65,,2.19,7.71,0.21,-23.19,FY 2026,FY 2025,6680.0,-88.36,-104.84,1031.374321880651,0.61,0.78,,9.065573770491804,0.716784699453552,,0.723146041096828,0.2095113712559895,,0.32529411764705873,27.868852459016402,eps,-1.322754491017964,-8.974198988195615,12.647554806070826,,7.38,USD,,기저효과→PEG(영익)fwd 기준,미분류,Stock Lists Top Analysts Top Stocks Corporate Actions,Snap Inc,1,글로벌소비트렌드,0.64,0.32529411764705873,탈락,"ROE<10,이익률<10,전년이익률<5",기저효과(fwd),2026-08-25
WMG,Warner Music Group,27.76,523.11,7300.0,14520.0,70.07,18.11,9.2,2.88,4.53,16.81,0.41,-17.8,FY 2026,FY 2025,7330.0,1220.0,769.47,931.0374639769452,1.78,1.97,11.901639344262295,15.595505617977528,1.6878361725262774,0.7500695559122527,2.0683987628153515,0.5760543715370918,,1.4610526315789483,10.67415730337078,eps,16.64392905866303,15.052160953800298,9.239940387481372,20.79207920792079,36.88,USD,,,미분류,Stock Lists Top Stocks Corporate Actions,Warner Music Group Corp,1,글로벌소비트렌드,0.64,0.7500695559122527,탈락,PEG매출>1,,2026-08-25
RUM,RUM Group,9.33,400.02,117.66,3740.0,-18.41,-6.62,9.33,,0.35,,,,FY 2026,FY 2025,243.73,-216.44,-205.26,80.17148981779206,0.2,0.34,,46.65,0.3279940605128922,,0.3437940087533006,,,0.6664285714285714,70.0,eps,-88.80318385098265,-112.00556549393758,142.22818525144106,,,USD,,기저효과→PEG(영익)fwd 기준,미분류,Stock Lists Top Analysts Top Stocks Corporate Actions,RUM Group Inc,1,글로벌소비트렌드,0.62,0.6664285714285714,탈락,"ROE<10,이익률<10,fPER>30,전년이익률<5",기저효과(fwd),2026-08-25
ENTG,Entegris,138.25,152.8,3330.0,21120.0,7.67,7.01,10.72,0.29,0.86,30.86,1.11,,FY 2026,FY 2025,3570.0,880.32,412.0,598.8455696202531,3.92,5.02,23.991275899672846,35.267857142857146,3.050193050193048,0.43387898836064637,2.9189062978617866,1.0045137177665144,,1.2568181818181823,28.06122448979591,eps,24.658823529411766,15.174999999999999,11.562500000000009,81.28500823723228,173.36,USD,,,미분류,Stock Lists Top Analysts Top Stocks Corporate Actions,Entegris Inc,1,미국S&P500,0.6,0.43387898836064637,탈락,"PEG매출>1,ROE<10,fPER>30",,2026-08-25
ETN,Eaton Corporation,408.67,388.4,30030.0,158730.0,19.68,10.61,9.66,1.08,1.05,27.24,2.55,,FY 2026,FY 2025,32750.0,6640.0,4290.0,5251.253089289647,13.52,16.01,23.90512048192771,30.22707100591716,1.565534149268729,1.1955483308310522,1.9988157893875143,1.9924629770367033,,1.6412449799196782,18.417159763313617,eps,20.27480916030534,19.30783242258652,19.307832422586515,25.283018867924522,477.37,USD,,,미분류,Stock Lists Top Stocks Corporate Actions,Eaton Corp PLC,1,미국S&P500,0.55,1.1955483308310522,탈락,"PEG매출>1,PEG영익>1,fPER>30",,2026-08-25
GRND,Grindr,15.59,173.82,509.82,2710.0,108.65,32.25,5.29,,,26.72,,-1.33,FY 2026,FY 2025,542.58,149.36,91.22,104.29762668377164,0.6,0.77,18.144081414033206,25.983333333333334,1.1131737761329692,,1.2863595099784264,0.9281084268302565,,0.9170588235294115,28.333333333333343,eps,27.5277378451104,30.054557854057744,23.34166856103661,12.971787308070493,20.8,USD,,기저효과→PEG(영익)fwd 기준,미분류,Stock Lists Top Analysts Top Stocks Corporate Actions,Grindr Inc,1,글로벌소비트렌드,0.55,0.9170588235294115,탈락,PEG매출>1,기저효과(fwd),2026-08-25
CEG,Constellation Energy Corp,,,,,,,,,,,,,,,,,,,,,,,,,,,,,,,,,,,,,,실패: forecast 표 없음,미분류,Stock Lists Top Stocks Corporate Actions,Constellation Energy Corp,1,미국S&P500,0.54,,보류,컨센서스 없음,,2026-08-25
DUOL,Duolingo,146.83,46.79,1150.0,6870.0,34.42,78.85,8.98,,0.06,55.68,,-55.75,FY 2026,FY 2025,1210.0,131.7,138.46,310.2097663965129,6.63,7.68,52.16400911161732,22.146304675716443,1.3548327566320642,,1.542826121481438,,,1.3983809523809536,15.837104072398178,eps,10.884297520661155,13.580769230769233,16.346153846153854,-6.75446049277827,127.07,USD,,,미분류,Stock Lists Top Analysts Top Stocks Corporate Actions,Duolingo Inc,1,글로벌소비트렌드,0.54,,탈락,"PEG매출>1,PEG영익>1",비지배괴리,2026-08-25
TAL,TAL Education Group,11.43,554.65,3190.0,6370.0,23.71,23.94,4.77,,0.1,12.84,0.59,,FY 2027,FY 2026,3740.0,526.19,810.91,735.6430446194227,1.32,1.17,12.10589330850073,8.659090909090908,0.3570392278953924,,0.4062221073469214,0.9939883344456403,,,-11.363636363636376,eps,14.069251336898397,9.17076411960133,24.252491694352152,90.62092450369512,16.01,USD,,기저효과→PEG(영익)fwd 기준,미분류,Stock Lists Top Analysts Top Stocks Corporate Actions,TAL Education Group,1,글로벌소비트렌드,0.53,,탈락,FY2역성장,"기저효과(fwd),비지배괴리",2026-08-25
LRN,Stride,85.03,41.16,2520.0,3500.0,21.74,26.56,4.38,,0.33,9.75,,-48.5,FY 2027,FY 2026,2570.0,467.2,344.94,359.34376102552045,8.73,9.28,7.491438356164384,9.739977090492554,4.908948453608264,2.6722394845291038,3.1160432625343475,1.7554697346502528,,1.5460000000000054,6.300114547537206,eps,18.17898832684825,17.88769841269841,1.984126984126977,3.644874326153036,109.0,USD,,,미분류,Stock Lists Top Stocks Corporate Actions,Stride Inc,1,글로벌소비트렌드,0.52,2.6722394845291038,탈락,"PEG매출>1,PEG영익>1",,2026-08-25
VZ,Verizon,50.14,4150.0,138900.0,208360.0,15.84,8.27,4.26,5.64,1.84,9.89,1.36,,FY 2026,FY 2025,140910.0,32530.0,18710.0,20819.377742321496,5.01,5.28,6.4051644635720875,10.007984031936129,5.084571005048736,3.599462438758857,5.171794890423108,1.7025622363901554,,1.8570370370370342,5.389221556886237,eps,23.08565751188702,22.903249149721397,1.9683045082856898,2.7804107424960423,51.56,USD,,,미분류,Stock Lists Top Stocks Corporate Actions,Verizon Communications Inc,1,미국S&P500,0.52,3.599462438758857,탈락,"PEG매출>1,PEG영익>1",,2026-08-25
CRWD,CrowdStrike,190.68,1020.0,5090.0,194160.0,-0.25,-31.88,11.0,,0.18,146.09,5.16,,FY 2027,FY 2026,5940.0,1470.0,175.09,1252.4480805538074,1.23,1.57,132.08163265306123,155.02439024390245,6.598825814806822,,6.85896021965516,5.179621581350842,,5.608235294117644,27.642276422764244,eps,24.747474747474747,-5.166735966735967,23.49272349272349,,210.54,USD,,기저효과→PEG(영익)fwd 기준,미분류,Stock Lists Top Analysts Top Stocks Corporate Actions,Crowdstrike Holdings Inc,1,미국S&P500,0.5,5.608235294117644,탈락,"PEG매출>1,PEG영익>1,ROE<10,fPER>30,전년이익률<5",기저효과(fwd),2026-08-25
MSGE,MSGE,79.59,47.31,1060.0,3770.0,407.54,11.27,6.11,,25.67,33.07,1.07,,FY 2027,FY 2026,1130.0,189.18,116.07,130.7350169619299,2.76,2.91,19.928110793952847,28.836956521739133,4.366739130434777,2.2337642465175205,5.2348489007885535,1.0485069681609893,,5.305999999999977,5.434782608695676,eps,16.741592920353984,15.806603773584907,6.60377358490567,12.90957923008056,91.63,USD,,,미분류,Stock Lists Top Analysts Top Stocks Corporate Actions,Madison Square Garden Entertainment Corp,1,글로벌소비트렌드,0.48,2.2337642465175205,탈락,"PEG매출>1,PEG영익>1",,2026-08-25
PANW,Palo Alto Networks,350.9,815.0,10610.0,285980.0,4.83,3.65,9.1,,0.08,89.65,5.27,,FY 2026,FY 2025,11420.0,3330.0,904.57,3080.662296950698,3.78,4.12,85.87987987987988,92.83068783068784,3.890449735449736,0.43950812380015924,4.1223716285946335,8.389936677512992,,10.320588235294112,8.994708994709,eps,29.15936952714536,11.605206073752711,23.86117136659436,211.21495327102804,361.55,USD,,,미분류,Stock Lists Top Stocks Corporate Actions,Palo Alto Networks Inc,1,미국S&P500,0.47,10.320588235294112,탈락,"PEG매출>1,PEG영익>1,ROE<10,fPER>30",기저효과(fwd),2026-08-25
WFC,Wells Fargo & Company,84.83,3020.0,83030.0,256190.0,12.58,,3.25,2.36,,11.4,0.84,,FY 2026,FY 2025,88930.0,33040.0,22370.0,21744.28857715431,7.2,7.9,7.753934624697337,11.781944444444443,1.8855616634799222,0.8134615231259967,2.191888993279871,0.99074907511299,,1.2118571428571414,9.722222222222232,eps,37.15281682221973,34.48028673835125,6.24850657108722,14.483714483714483,100.24,USD,,,미분류,Stock Lists Top Stocks Corporate Actions,Wells Fargo & Co,1,미국S&P500,0.46,0.8134615231259967,탈락,PEG매출>1,,2026-08-25
CHWY,Chewy,24.5,409.42,12840.0,10030.0,63.82,81.7,11.49,,1.23,15.32,0.53,-38.08,FY 2027,FY 2026,13490.0,431.62,323.2,626.3632653061225,1.53,1.83,23.23803345535425,16.013071895424837,2.2670191672174496,,2.2824306847672498,0.7990808589069158,,0.8166666666666668,19.6078431372549,eps,3.199555226093403,2.018253968253968,7.063492063492061,69.72866692882423,30.77,USD,,기저효과→PEG(영익)fwd 기준,미분류,Stock Lists Top Stocks Corporate Actions,Chewy Inc,1,글로벌소비트렌드,0.44,0.8166666666666668,탈락,"PEG매출>1,이익률<10,전년이익률<5",기저효과(fwd),2026-08-25
KLAC,KLA Corporation,181.57,1310.0,13580.0,237230.0,87.5,66.75,12.06,0.51,0.97,33.32,1.65,,FY 2027,FY 2026,18100.0,8400.0,7010.0,7120.688990471995,5.45,6.6,28.241666666666667,33.31559633027523,1.0009420313388,0.6881980847786779,1.3435153548868985,1.0254594534433772,,1.5788695652173923,21.100917431192645,eps,46.408839779005525,41.67893961708395,33.28424153166421,48.40989399293287,231.78,USD,,,미분류,Stock Lists Top Analysts Top Stocks Corporate Actions,KLA Corp,1,미국나스닥100,0.42,0.6881980847786779,탈락,"PEG매출>1,fPER>30",,2026-08-25
CVS,CVS Health,94.08,1280.0,412650.0,120360.0,6.21,7.17,5.94,2.83,0.96,11.55,1.09,,FY 2026,FY 2025,417730.0,16760.0,8800.0,10170.727040816328,7.95,8.51,7.181384248210024,11.833962264150943,2.643336945293565,,3.2336590091810526,0.9634649328875446,,1.6800000000000002,7.044025157232703,eps,4.012160965216767,2.506065077658005,4.476902683640538,67.26546906187625,116.08,USD,,기저효과→PEG(영익)fwd 기준,미분류,Stock Lists Top Stocks Corporate Actions,CVS Health Corp,1,미국S&P500,0.41,1.6800000000000002,탈락,"PEG매출>1,PEG영익>1,ROE<10,이익률<10,전년이익률<5",기저효과(fwd),2026-08-25
LOPE,Grand Canyon Education,142.5,25.73,1140.0,3800.0,30.98,46.35,7.24,,0.16,13.77,0.92,-27.4,FY 2026,FY 2025,1170.0,330.74,260.03,272.8,10.23,11.32,11.489387434238374,13.929618768328446,2.5769794721407675,1.5408942249487165,2.4464704630958183,1.1951067740718868,,1.3073394495412856,10.654936461388065,eps,28.268376068376067,27.326126126126127,5.405405405405395,9.03995780034288,195.0,USD,,,미분류,Stock Lists Top Analysts Top Stocks Corporate Actions,Grand Canyon Education Inc,1,글로벌소비트렌드,0.4,1.5408942249487165,탈락,"PEG매출>1,PEG영익>1",,2026-08-25
CVNA,Carvana Co.,72.0,1110.0,25060.0,80590.0,58.77,29.73,22.27,,1.11,35.4,1.26,,FY 2026,FY 2025,28940.0,2570.0,1300.0,1824.4680555555556,1.63,2.26,31.357976653696497,44.171779141104295,1.041265141702134,1.203520938917045,1.3343546940748352,2.8241486826129627,,1.142857142857143,38.65030674846626,eps,8.880442294402211,9.251968503937007,42.421259842519675,36.70212765957446,82.98,USD,,,미분류,Stock Lists Top Analysts Top Stocks Corporate Actions,Carvana Co,1,글로벌소비트렌드,0.39,1.203520938917045,탈락,"PEG매출>1,PEG영익>1,이익률<10,fPER>30",,2026-08-25
VLO,Valero Energy,346.0,287.93,132430.0,99620.0,27.64,25.15,6.94,1.39,0.4,8.28,0.42,,FY 2026,FY 2025,148260.0,16860.0,12090.0,12501.446242774568,43.42,30.52,5.908659549228944,7.9686780285582675,0.28585659982396205,0.031164631893866493,1.6359376127514,0.11448689578700338,,,-29.709811146936904,eps,11.371914204775395,4.088321545627049,27.87648783853718,255.69620253164555,312.53,USD,,,미분류,Stock Lists Top Analysts Top Stocks Corporate Actions,Valero Energy Corp,1,미국S&P500,0.38,,탈락,"FY2역성장,전년이익률<5",기저효과(fwd),2026-08-25
ASO,ASO,46.11,62.02,6140.0,2860.0,18.85,10.48,6.49,1.3,0.92,7.03,0.62,-14.46,FY 2027,FY 2026,6320.0,544.72,400.82,400.6853177184992,6.46,7.0,5.250403877221324,7.137770897832818,1.5993894048847614,0.7396541148571922,1.4987066892103993,0.7103145429338792,,0.8538888888888881,8.359133126934992,eps,8.618987341772153,8.211239669421486,4.46280991735537,9.650146946334415,60.05,USD,,,미분류,Stock Lists Top Stocks Corporate Actions,Academy Sports & Outdoors Inc,1,글로벌소비트렌드,0.35,0.7396541148571922,탈락,"PEG매출>1,이익률<10",,2026-08-25
PLTK,Playtika Holding,2.42,381.42,2830.0,923.03,,17.09,6.0,8.26,,3.29,,-35.29,FY 2026,FY 2025,2780.0,349.04,159.84,354.7181404958678,0.93,0.65,2.644482007792803,2.6021505376344085,3.5909677419354677,,4.800932577482125,1.0884126164933587,,,-30.107526881720435,eps,12.555395683453238,15.757246376811592,0.7246376811594235,-19.742469533226014,4.9,USD,,기저효과→PEG(영익)fwd 기준,미분류,Stock Lists Top Analysts Top Stocks Corporate Actions,Playtika Holding Corp,1,글로벌소비트렌드,0.27,,탈락,"PEG매출>1,FY2역성장,ROE<10",기저효과(fwd),2026-08-25
